chr,start,end,width,Conc,Conc_BF_H3K27ac,Conc_SF_H3K27ac,Fold,p.value,FDR
AaegL5_3,142352804,142352983,180,2.529624502,3.514431699,0,3.514431699,1.76564978615093e-10,4.30447761365736e-06
NIGP01002131,9122,9529,408,4.508826135,1.383824536,5.423677348,-4.039852813,4.37026171725495e-08,0.000363907
AaegL5_3,213605950,213606086,137,2.015589245,3.015589245,0,3.015589245,4.47812666539106e-08,0.000363907
AaegL5_3,326462549,326462965,417,6.102657251,4.058448846,6.916218509,-2.857769663,6.1361831459277e-08,0.000373985
AaegL5_3,164198840,164199083,244,2.393855299,3.354236107,0,3.354236107,9.08137019573679e-08,0.00039109
AaegL5_3,158500134,158500422,289,1.917574662,2.917574662,0,2.917574662,1.1895402762573e-07,0.00039109
AaegL5_3,190453023,190453170,148,1.917574662,2.917574662,0,2.917574662,1.1895402762573e-07,0.00039109
AaegL5_1,200678616,200678811,196,1.701502085,2.701502085,0,2.701502085,1.28336561800387e-07,0.00039109
AaegL5_2,2236858,2236996,139,1.852166665,2.852166665,0,2.852166665,1.5882131489731e-07,0.000430212
AaegL5_3,382829229,382829385,157,1.651112765,2.651112765,0,2.651112765,1.96978529963039e-07,0.000480214
AaegL5_3,399766028,399766357,330,2.357260832,3.340128521,0,3.340128521,2.60416191317181e-07,0.000577153
AaegL5_3,67640136,67640429,294,2.283648397,3.262401494,0,3.262401494,4.41132870567987e-07,0.000896198
AaegL5_1,276139816,276140060,245,1.924885537,2.924885537,0,2.924885537,5.06611802035283e-07,0.000950053
AaegL5_1,210557543,210557678,136,2.968329529,3.89609981,0,3.89609981,5.66684946620179e-07,0.000977486
AaegL5_2,260225563,260225703,141,1.596189247,2.596189247,0,2.596189247,6.41526820540216e-07,0.000977486
AaegL5_2,373539108,373539344,237,1.596189247,2.596189247,0,2.596189247,6.41526820540216e-07,0.000977486
AaegL5_3,262754080,262754317,238,1.56930557,2.56930557,0,2.56930557,7.00124249073157e-07,0.001004019
AaegL5_2,248292668,248292893,226,2.017254614,2.995534757,0,2.995534757,1.23438909854782e-06,0.001546124
AaegL5_3,120540356,120540551,196,2.212603799,3.193652664,0,3.193652664,1.5739762227126e-06,0.001546124
AaegL5_1,232429305,232429484,180,1.75764727,2.75764727,0,2.75764727,1.57437173770037e-06,0.001546124
AaegL5_3,75135052,75135219,168,1.352631092,2.352631092,0,2.352631092,1.72686678838485e-06,0.001546124
AaegL5_3,376905825,376906009,185,1.174567485,2.174567485,0,2.174567485,1.85700196160326e-06,0.001546124
AaegL5_3,218041943,218042356,414,1.993476369,2.993476369,0,2.993476369,1.86404387019587e-06,0.001546124
AaegL5_2,352821758,352821893,136,1.665255247,2.665255247,0,2.665255247,1.86531262913134e-06,0.001546124
AaegL5_3,19628044,19628188,145,1.665255247,2.665255247,0,2.665255247,1.86531262913134e-06,0.001546124
AaegL5_3,125849670,125849815,146,1.665255247,2.665255247,0,2.665255247,1.86531262913134e-06,0.001546124
AaegL5_2,78338473,78338699,227,2.10180111,3.056853472,0,3.056853472,1.8665539378727e-06,0.001546124
AaegL5_1,276166432,276166569,138,1.849893046,2.849893046,0,2.849893046,2.12915223457592e-06,0.001546124
AaegL5_2,207953954,207954095,142,1.849893046,2.849893046,0,2.849893046,2.12915223457592e-06,0.001546124
AaegL5_2,153785771,153785937,167,1.403931673,2.403931673,0,2.403931673,2.13580158377724e-06,0.001546124
AaegL5_2,34955891,34956117,227,1.434046697,2.434046697,0,2.434046697,2.17511923816536e-06,0.001546124
AaegL5_2,412705530,412705693,164,1.434046697,2.434046697,0,2.434046697,2.17511923816536e-06,0.001546124
AaegL5_3,65440021,65441114,1094,3.063386387,0.740079997,3.911536356,-3.171456359,2.23560059757246e-06,0.001546124
AaegL5_2,272432383,272433136,754,2.99778474,3.917574662,0,3.917574662,2.27753413545472e-06,0.001546124
AaegL5_2,395120633,395120791,159,1.624275147,2.590573162,0,2.590573162,2.3125855683238e-06,0.001546124
AaegL5_1,195886662,195887642,981,1.513986992,2.513986992,0,2.513986992,2.33311296905865e-06,0.001546124
AaegL5_3,197894289,197894433,145,1.288144882,2.288144882,0,2.288144882,2.38457049144243e-06,0.001546124
AaegL5_3,27787118,27787331,214,2.509308815,3.395472898,0,3.395472898,2.40997147939298e-06,0.001546124
AaegL5_1,178666691,178667634,944,4.913139384,4.065016341,5.443702612,-1.378686271,2.67934331197831e-06,0.001601392
AaegL5_2,59369008,59369182,175,2.750891916,3.649806397,0,3.649806397,2.69276716037034e-06,0.001601392
AaegL5_3,177601754,177602030,277,1.926658905,2.903520042,0,2.903520042,2.72572135323962e-06,0.001601392
AaegL5_1,9287454,9287649,196,1.690424123,2.690424123,0,2.690424123,2.82455615016663e-06,0.001601392
AaegL5_2,171429222,171429403,182,1.690424123,2.690424123,0,2.690424123,2.82455615016663e-06,0.001601392
AaegL5_3,287408404,287408651,248,2.168811656,3.125934634,0,3.125934634,2.97366613641107e-06,0.001647614
AaegL5_1,91777667,91777927,261,1.752192168,2.726051769,0,2.726051769,3.24686518940921e-06,0.001759007
AaegL5_2,161082197,161082346,150,1.880333888,2.852166665,0,2.852166665,3.46317854603295e-06,0.001835409
AaegL5_2,109616609,109616752,144,1.763453444,2.685163797,0,2.685163797,3.59393400803206e-06,0.001864181
AaegL5_3,408624474,408624741,268,2.183217308,3.14426694,0,3.14426694,4.00286852036855e-06,0.001990625
AaegL5_1,256988639,256988883,245,1.815812936,2.760820745,0,2.760820745,4.0128639360548e-06,0.001990625
AaegL5_2,263730400,263730665,266,2.176447851,3.113778058,0,3.113778058,4.08266363287444e-06,0.001990625
AaegL5_3,312343017,312343245,229,2.219737718,3.103428143,0,3.103428143,4.30206346655773e-06,0.002056471
AaegL5_1,18877265,18879132,1868,4.965245181,4.163791614,5.477451036,-1.313659423,4.82550476953483e-06,0.002191535
AaegL5_2,202688798,202688965,168,1.791248813,2.765812785,0,2.765812785,4.90391354483968e-06,0.002191535
AaegL5_3,402139048,402139211,164,2.193332488,3.174124804,0,3.174124804,4.92272194467603e-06,0.002191535
AaegL5_2,5928463,5929740,1278,4.868609764,4.07333115,5.378323966,-1.304992817,4.94418973741574e-06,0.002191535
AaegL5_1,18141832,18142071,240,2.200840326,3.162369217,0,3.162369217,5.13299442813844e-06,0.002234594
AaegL5_3,1832556,1832896,341,2.175616954,3.156170349,0,3.156170349,5.76572389147423e-06,0.00246601
AaegL5_2,464397322,464397469,148,2.723397566,3.65380814,0,3.65380814,6.11835848142332e-06,0.002571715
AaegL5_3,21719273,21719444,172,2.058120278,3.015589245,0,3.015589245,6.69297249487335e-06,0.002685997
AaegL5_2,433224677,433224908,232,1.954768754,2.877227688,0,2.877227688,6.73835229490945e-06,0.002685997
AaegL5_3,12809895,12810181,287,1.423762422,2.423762422,0,2.423762422,6.82360476789036e-06,0.002685997
AaegL5_1,163190929,163191100,172,1.814329628,2.78930082,0,2.78930082,6.83095374636554e-06,0.002685997
AaegL5_3,384337675,384337819,145,1.158578495,2.158578495,0,2.158578495,7.11897765945433e-06,0.002690967
AaegL5_3,60992210,60992386,177,2.381425371,3.324136426,0,3.324136426,7.13640041471626e-06,0.002690967
AaegL5_3,10987327,10987548,222,1.935198332,2.837456846,0,2.837456846,7.24486946890764e-06,0.002690967
AaegL5_2,115849811,115850152,342,1.81870987,2.78930082,0,2.78930082,7.3028523235125e-06,0.002690967
AaegL5_1,254519047,254519189,143,1.217116998,2.217116998,0,2.217116998,7.72663651147922e-06,0.002690967
AaegL5_1,307159706,307159845,140,1.217116998,2.217116998,0,2.217116998,7.72663651147922e-06,0.002690967
AaegL5_2,381443893,381444048,156,1.217116998,2.217116998,0,2.217116998,7.72663651147922e-06,0.002690967
AaegL5_2,384752600,384752742,143,1.217116998,2.217116998,0,2.217116998,7.72663651147922e-06,0.002690967
AaegL5_2,401956566,401956816,251,2.102311774,3.015589245,0,3.015589245,8.15247972579438e-06,0.002730373
AaegL5_1,20354886,20355127,242,1.194207912,2.194207912,0,2.194207912,8.20972910634724e-06,0.002730373
AaegL5_2,35841165,35841367,203,1.539091751,2.539091751,0,2.539091751,8.28777376861496e-06,0.002730373
AaegL5_3,279096279,279096457,179,1.539091751,2.539091751,0,2.539091751,8.28777376861496e-06,0.002730373
AaegL5_1,156155090,156155225,136,2.341891078,3.289934133,0,3.289934133,8.65513689110619e-06,0.002813381
AaegL5_2,230759278,230759463,186,1.864957211,2.786768675,0,2.786768675,8.81663683368368e-06,0.002828168
AaegL5_2,245040847,245041151,305,1.913986143,2.814745984,0,2.814745984,8.95944759649118e-06,0.002836654
AaegL5_1,284830522,284831187,666,2.53878745,3.487525076,0,3.487525076,9.13518013769551e-06,0.002855212
AaegL5_3,56348752,56348908,157,1.586008496,2.551389669,0,2.551389669,9.86860936546565e-06,0.003045403
AaegL5_3,191809949,191810181,233,2.872740084,3.819915014,0,3.819915014,1.04473678766719e-05,0.003149222
AaegL5_1,237401529,237401668,140,2.046143182,2.995534757,0,2.995534757,1.04633892758689e-05,0.003149222
AaegL5_2,239657084,239657473,390,2.581761335,3.400726021,0.497766777,2.902959244,1.07074376521859e-05,0.003168922
AaegL5_1,262529795,262530007,213,1.494307873,2.457387854,0,2.457387854,1.08963864135352e-05,0.003168922
AaegL5_3,83545611,83545790,180,1.273372585,2.273372585,0,2.273372585,1.10648117061719e-05,0.003168922
AaegL5_3,127741817,127741958,142,1.273372585,2.273372585,0,2.273372585,1.10648117061719e-05,0.003168922
AaegL5_3,32138131,32138273,143,1.306307716,2.306307716,0,2.306307716,1.13026600742325e-05,0.003168922
AaegL5_1,165690255,165690551,297,1.28478233,2.28478233,0,2.28478233,1.14387433584151e-05,0.003168922
AaegL5_3,10544565,10544712,148,1.28478233,2.28478233,0,2.28478233,1.14387433584151e-05,0.003168922
AaegL5_1,73420666,73423061,2396,4.614978617,3.73431606,5.1578627,-1.423546639,1.21516306213845e-05,0.003318448
AaegL5_2,396464171,396464333,163,1.612585552,2.57860613,0,2.57860613,1.2250721058285e-05,0.003318448
AaegL5_2,435435964,435436117,154,1.624767564,2.596189247,0,2.596189247,1.26129897244784e-05,0.003345095
AaegL5_2,296913676,296913931,256,1.563088096,2.533248481,0,2.533248481,1.26235190747119e-05,0.003345095
AaegL5_3,313612671,313612879,209,2.513821957,3.393913134,0,3.393913134,1.32300504124345e-05,0.003468123
AaegL5_3,17410408,17410565,158,1.239667982,2.239667982,0,2.239667982,1.39016786891381e-05,0.003605415
AaegL5_3,33677578,33677735,158,2.218992089,3.091079614,0,3.091079614,1.45970378876949e-05,0.003700003
AaegL5_3,213052581,213052741,161,1.841358905,2.812412572,0,2.812412572,1.48135794395793e-05,0.003700003
AaegL5_1,54277954,54278221,268,1.770841972,2.692963239,0,2.692963239,1.49211380370061e-05,0.003700003
AaegL5_2,460887591,460888146,556,1.754832112,0,2.754832112,-2.754832112,1.49377802371155e-05,0.003700003
AaegL5_2,46613672,46613829,158,1.338507725,2.338507725,0,2.338507725,1.52265727493634e-05,0.003700003
AaegL5_3,190242676,190242848,173,1.338507725,2.338507725,0,2.338507725,1.52265727493634e-05,0.003700003
AaegL5_1,179147780,179147987,208,1.965712578,2.874300463,0,2.874300463,1.53287779334401e-05,0.003700003
AaegL5_3,133448839,133449003,165,1.67931836,2.596189247,0,2.596189247,1.55625978321284e-05,0.003719613
AaegL5_2,371485533,371485761,229,1.669020284,2.608011907,0,2.608011907,1.59410769567858e-05,0.003745603
AaegL5_3,383275093,383275242,150,1.393429675,2.393429675,0,2.393429675,1.59786192210488e-05,0.003745603
AaegL5_2,311365129,311365293,165,1.739481712,2.739481712,0,2.739481712,1.67421663678958e-05,0.003814554
AaegL5_3,74920343,74920593,251,1.739481712,2.739481712,0,2.739481712,1.67421663678958e-05,0.003814554
AaegL5_3,272951335,272951505,171,1.739481712,2.739481712,0,2.739481712,1.67421663678958e-05,0.003814554
AaegL5_3,42547590,42547765,176,2.845046468,3.755139242,0,3.755139242,1.69690442326091e-05,0.003830447
AaegL5_2,175127205,175127467,263,2.535604448,3.368312119,0.344443313,3.023868805,1.72555694473797e-05,0.00385939
AaegL5_1,79625461,79625710,250,1.738441732,2.685163797,0,2.685163797,1.87259275151307e-05,0.004150176
AaegL5_2,454782211,454783096,886,3.1465453,1.195080906,3.946831323,-2.751750417,1.94227378519036e-05,0.004265828
AaegL5_1,126947542,126947777,236,1.851760971,2.827378642,0,2.827378642,1.99090170282239e-05,0.004333589
AaegL5_1,87539467,87539737,271,1.566539001,2.566539001,0,2.566539001,2.07471814184311e-05,0.004398222
AaegL5_3,49530035,49530178,144,1.566539001,2.566539001,0,2.566539001,2.07471814184311e-05,0.004398222
AaegL5_3,367417296,367417446,151,1.566539001,2.566539001,0,2.566539001,2.07471814184311e-05,0.004398222
AaegL5_2,174919548,174919742,195,2.470889996,3.347199558,0,3.347199558,2.16376324000661e-05,0.004547447
AaegL5_2,269376823,269376966,144,1.916111887,2.888641216,0,2.888641216,2.23419882947852e-05,0.004655345
AaegL5_3,14444891,14445043,153,1.917106471,2.837456846,0,2.837456846,2.3807209373197e-05,0.004911439
AaegL5_1,151145659,151145832,174,2.325189072,3.289934133,0,3.289934133,2.39739615534763e-05,0.004911439
AaegL5_1,160731315,160731528,214,2.051309881,2.869670628,0,2.869670628,2.42252260572854e-05,0.004921557
AaegL5_3,129631234,129631466,233,1.963658727,2.7996476,0,2.7996476,2.60253195290462e-05,0.005208434
AaegL5_1,258754367,258754698,332,2.030437571,2.934307244,0,2.934307244,2.60646011056748e-05,0.005208434
AaegL5_1,81321680,81323259,1580,3.915876755,2.755811371,4.550477221,-1.79466585,2.69128030609474e-05,0.005334205
AaegL5_3,284547068,284549857,2790,5.081501164,4.454864838,5.516932677,-1.062067839,2.72692753570449e-05,0.005361271
AaegL5_2,404123817,404123965,149,1.317460932,2.317460932,0,2.317460932,2.80605682799695e-05,0.005429275
AaegL5_3,38579885,38580076,192,1.317460932,2.317460932,0,2.317460932,2.80605682799695e-05,0.005429275
AaegL5_2,187857381,187857523,143,1.370004713,2.370004713,0,2.370004713,3.01492834661375e-05,0.005741348
AaegL5_3,218975149,218975434,286,1.370004713,2.370004713,0,2.370004713,3.01492834661375e-05,0.005741348
AaegL5_2,254222964,254223116,153,0.961695821,1.961695821,0,1.961695821,3.12964711730339e-05,0.005741348
AaegL5_1,197889565,197889701,137,1.002461975,2.002461975,0,2.002461975,3.13220110982918e-05,0.005741348
AaegL5_1,276489497,276489637,141,1.002461975,2.002461975,0,2.002461975,3.13220110982918e-05,0.005741348
AaegL5_2,402125947,402126103,157,1.002461975,2.002461975,0,2.002461975,3.13220110982918e-05,0.005741348
AaegL5_3,13313531,13313736,206,1.002461975,2.002461975,0,2.002461975,3.13220110982918e-05,0.005741348
AaegL5_2,111696266,111696424,159,1.692510206,2.665255247,0,2.665255247,3.17187657549539e-05,0.005758565
AaegL5_2,31045531,31045679,149,1.959133795,2.881833373,0,2.881833373,3.18883592695105e-05,0.005758565
AaegL5_1,183090915,183091175,261,2.352025647,3.228436552,0,3.228436552,3.26284178995488e-05,0.005842965
AaegL5_3,161766431,161767123,693,3.288358483,4.02343018,1.712828352,2.310601828,3.3069358667883e-05,0.005842965
AaegL5_2,155915255,155915622,368,1.846131941,2.741936012,0,2.741936012,3.34972515143044e-05,0.005842965
AaegL5_1,108220606,108221438,833,3.959885965,2.943667819,4.550214251,-1.606546432,3.36010000047659e-05,0.005842965
AaegL5_2,133636378,133636533,156,1.843237905,2.78930082,0,2.78930082,3.37792069706412e-05,0.005842965
AaegL5_3,357475734,357476038,305,1.998712341,2.881833373,0,2.881833373,3.42187850580985e-05,0.005842965
AaegL5_2,396844376,396844511,136,1.355267026,2.320748261,0,2.320748261,3.44474276571723e-05,0.005842965
AaegL5_1,252195414,252195702,289,2.598193998,3.435563691,0.3685443,3.067019391,3.44915989083045e-05,0.005842965
AaegL5_3,173027836,173027973,138,1.212718929,2.174567485,0,2.174567485,3.50611954933122e-05,0.005842965
AaegL5_1,161651643,161651901,259,2.206467478,3.101518177,0,3.101518177,3.51305097658087e-05,0.005842965
AaegL5_2,154891575,154891720,146,1.042107787,2.042107787,0,2.042107787,3.54714655291506e-05,0.005842965
AaegL5_2,360423954,360424100,147,1.042107787,2.042107787,0,2.042107787,3.54714655291506e-05,0.005842965
AaegL5_3,47837969,47838125,157,1.042107787,2.042107787,0,2.042107787,3.54714655291506e-05,0.005842965
AaegL5_1,166074090,166074279,190,1.067541711,2.067541711,0,2.067541711,3.66486767134729e-05,0.005916941
AaegL5_2,2647887,2648034,148,1.067541711,2.067541711,0,2.067541711,3.66486767134729e-05,0.005916941
AaegL5_2,252591307,252591442,136,1.067541711,2.067541711,0,2.067541711,3.66486767134729e-05,0.005916941
AaegL5_3,226927872,226928261,390,2.730361232,3.674846069,0,3.674846069,3.75429745054686e-05,0.005989912
AaegL5_2,262635177,262635316,140,2.820428246,3.649806397,0.656065937,2.99374046,3.75920493371055e-05,0.005989912
AaegL5_1,4262868,4263067,200,1.94229331,2.859815727,0,2.859815727,3.79494676813257e-05,0.006007598
AaegL5_2,31417879,31418655,777,3.758484952,2.499171593,4.420469144,-1.921297551,3.92527711435918e-05,0.006105872
AaegL5_2,341936359,341936510,152,1.465986969,2.434046697,0,2.434046697,3.97287540429242e-05,0.006105872
AaegL5_2,264189254,264189528,275,2.160562789,2.970880927,0.139648087,2.83123284,3.97734100804342e-05,0.006105872
AaegL5_2,15862283,15862421,139,1.105461622,2.105461622,0,2.105461622,4.01024194309407e-05,0.006105872
AaegL5_2,463655931,463656408,478,1.105461622,2.105461622,0,2.105461622,4.01024194309407e-05,0.006105872
AaegL5_3,27509917,27510061,145,1.105461622,2.105461622,0,2.105461622,4.01024194309407e-05,0.006105872
AaegL5_3,255780286,255780679,394,2.257097918,3.197906282,0,3.197906282,4.03234478158259e-05,0.006105872
AaegL5_1,209973468,209973609,142,1.471561135,2.434046697,0,2.434046697,4.11635001739194e-05,0.006159067
AaegL5_3,310165293,310165479,187,1.95117597,2.881833373,0,2.881833373,4.11800265344291e-05,0.006159067
AaegL5_1,7992012,7992169,158,1.646735966,2.613560645,0,2.613560645,4.174992842884e-05,0.006168615
AaegL5_2,179891084,179891236,153,1.646735966,2.613560645,0,2.613560645,4.174992842884e-05,0.006168615
AaegL5_1,179638952,179639581,630,2.08186745,2.98921416,0,2.98921416,4.23247020905605e-05,0.00619809
AaegL5_3,307117604,307117745,142,2.000716924,2.952451861,0,2.952451861,4.24578931982588e-05,0.00619809
AaegL5_3,387034840,387035086,247,2.324715382,3.10985731,0.471308874,2.638548436,4.35323494324476e-05,0.006317114
AaegL5_2,126064511,126064650,140,1.329594851,2.288144882,0,2.288144882,4.50338783976152e-05,0.006496337
AaegL5_2,235174512,235174687,176,1.989151149,2.917574662,0,2.917574662,4.60034333555555e-05,0.006597163
AaegL5_2,36471935,36472666,732,2.773014453,0.891539516,3.562613426,-2.67107391,4.6828152643034e-05,0.006676161
AaegL5_2,31357807,31358031,225,2.133466818,3.09313056,0,3.09313056,4.78154327647039e-05,0.006739185
AaegL5_2,205043985,205044181,197,2.202067289,3.03122873,0.039429989,2.991798741,4.78230838448677e-05,0.006739185
AaegL5_2,254680517,254680767,251,1.84753138,2.78930082,0,2.78930082,4.85603541322334e-05,0.006748117
AaegL5_3,243211543,243211828,286,1.84753138,2.78930082,0,2.78930082,4.85603541322334e-05,0.006748117
AaegL5_3,140185360,140185538,179,1.4948467,2.463545927,0,2.463545927,4.87168709352134e-05,0.006748117
AaegL5_2,270835173,270835320,148,1.721896833,2.690424123,0,2.690424123,4.94060515007221e-05,0.006804916
AaegL5_3,7826685,7826838,154,1.570570306,2.505154237,0,2.505154237,5.01096843598494e-05,0.006863056
AaegL5_2,189086254,189086413,160,2.040336173,2.940872472,0,2.940872472,5.1386960629594e-05,0.006998674
AaegL5_2,162465783,162466022,240,1.67980614,2.590573162,0,2.590573162,5.24303524491043e-05,0.007101109
AaegL5_3,263279711,263279917,207,1.684613752,2.590573162,0,2.590573162,5.41380339020261e-05,0.007291885
AaegL5_3,100914140,100914289,150,1.74506957,2.659902173,0,2.659902173,5.48573532263558e-05,0.007314392
AaegL5_3,63428247,63428438,192,2.157885862,3.015589245,0,3.015589245,5.49065040397964e-05,0.007314392
AaegL5_1,184780419,184780565,147,1.080693192,2.080693192,0,2.080693192,5.58052795656552e-05,0.007314392
AaegL5_2,1305381,1305548,168,1.080693192,2.080693192,0,2.080693192,5.58052795656552e-05,0.007314392
AaegL5_2,376640531,376640717,187,1.080693192,2.080693192,0,2.080693192,5.58052795656552e-05,0.007314392
AaegL5_2,10079740,10079875,136,2.321790268,3.199692887,0,3.199692887,5.72016416131784e-05,0.007418046
AaegL5_3,385603110,385603270,161,2.020700001,2.973109932,0,2.973109932,5.79498287877018e-05,0.007418046
AaegL5_3,18274994,18275240,247,1.976538104,2.931493683,0,2.931493683,5.80460192447e-05,0.007418046
AaegL5_2,34590285,34590440,156,1.142410316,2.142410316,0,2.142410316,5.8117508605052e-05,0.007418046
AaegL5_3,265982681,265982842,162,1.142410316,2.142410316,0,2.142410316,5.8117508605052e-05,0.007418046
AaegL5_3,349754442,349756296,1855,4.509742457,3.584935129,5.06874388,-1.483808751,5.96598130670665e-05,0.007575243
AaegL5_2,43249537,43249673,137,2.142395671,3.015589245,0,3.015589245,6.33101448754055e-05,0.007997088
AaegL5_2,159709806,159709992,187,1.51347411,2.482579211,0,2.482579211,6.51671292188651e-05,0.00810566
AaegL5_3,239018361,239018566,206,1.51347411,2.482579211,0,2.482579211,6.51671292188651e-05,0.00810566
AaegL5_3,264599768,264599904,137,1.51347411,2.482579211,0,2.482579211,6.51671292188651e-05,0.00810566
AaegL5_3,231625812,231628065,2254,5.025244838,4.229133838,5.535295791,-1.306161953,6.93479897756612e-05,0.008514167
AaegL5_1,255115837,255115974,138,1.631937406,2.56930557,0,2.56930557,6.94991256858647e-05,0.008514167
AaegL5_2,406809316,406809468,153,1.631937406,2.56930557,0,2.56930557,6.94991256858647e-05,0.008514167
AaegL5_3,78134916,78135099,184,1.955929415,2.91022655,0,2.91022655,7.05206953457271e-05,0.00859612
AaegL5_1,33354067,33354251,185,1.484988287,2.453470531,0,2.453470531,7.18903839062862e-05,0.008660006
AaegL5_2,360525499,360525641,143,1.484988287,2.453470531,0,2.453470531,7.18903839062862e-05,0.008660006
AaegL5_3,146651763,146653420,1658,4.525279597,3.617067028,5.078301037,-1.461234009,7.21104739671815e-05,0.008660006
AaegL5_3,29827908,29828066,159,1.682989148,2.622581115,0,2.622581115,7.2722437585433e-05,0.008672094
AaegL5_2,433627076,433627993,918,4.391482115,3.434416404,4.961844476,-1.527428072,7.31554262544347e-05,0.008672094
AaegL5_1,218671358,218671678,321,2.014910574,2.903520042,0,2.903520042,7.32782882592068e-05,0.008672094
AaegL5_2,171684612,171684844,233,1.980129013,2.837456846,0,2.837456846,7.44570424403763e-05,0.00875246
AaegL5_3,106776098,106777983,1886,4.484410478,3.660218312,5.005663911,-1.345445599,7.4675405907514e-05,0.00875246
AaegL5_2,252283882,252284475,594,2.674297765,3.445764479,0.903249035,2.542515444,7.56664981477856e-05,0.008786588
AaegL5_3,65598383,65598559,177,1.899846639,2.872061487,0,2.872061487,7.56874180208298e-05,0.008786588
AaegL5_1,270759492,270759739,248,2.353363946,3.188144632,0.145230461,3.042914171,7.6659659286703e-05,0.008834661
AaegL5_2,144435819,144435962,144,2.024377101,2.954569578,0,2.954569578,7.69198844171017e-05,0.008834661
AaegL5_3,412504,412688,185,1.541408358,2.511112173,0,2.511112173,7.76985957432942e-05,0.008834661
AaegL5_3,163207706,163207858,153,1.541408358,2.511112173,0,2.511112173,7.76985957432942e-05,0.008834661
AaegL5_2,31664718,31664993,276,2.013121241,2.938734539,0,2.938734539,7.79134566470316e-05,0.008834661
AaegL5_2,207913695,207913862,168,1.546699123,2.511112173,0,2.511112173,8.29975144075352e-05,0.009348766
AaegL5_2,452395184,452395360,177,1.523140424,2.492454044,0,2.492454044,8.40717701643902e-05,0.009348766
AaegL5_3,388128035,388128395,361,2.479574966,3.340128521,0.039429989,3.300698531,8.4160888362007e-05,0.009348766
AaegL5_3,282204127,282204321,195,1.83277398,2.773932344,0,2.773932344,8.43745923379449e-05,0.009348766
AaegL5_3,155792084,155793629,1546,4.38447501,3.537930553,4.914430703,-1.37650015,8.47172224414258e-05,0.009348766
AaegL5_1,173704998,173705152,155,1.7414981,2.715161427,0,2.715161427,8.47482403447558e-05,0.009348766
AaegL5_3,185848251,185848428,178,2.537584576,3.428913723,0,3.428913723,8.51366357375196e-05,0.009349306
AaegL5_1,11788523,11789491,969,3.085801138,1.470399115,3.828778319,-2.358379204,8.57804969488196e-05,0.009356474
AaegL5_1,255305780,255305960,181,2.051265124,2.938734539,0,2.938734539,8.59694935846867e-05,0.009356474
AaegL5_1,13088707,13088864,158,2.209362991,3.08855602,0,3.08855602,8.99104160159066e-05,0.009741893
AaegL5_2,29432854,29436165,3312,6.19745458,5.731691902,6.548983197,-0.817291295,9.18264308430321e-05,0.009905471
AaegL5_1,177017479,177017692,214,2.486936945,3.313546056,0.344443313,2.969102743,9.29770343876809e-05,0.009985406
AaegL5_3,329275198,329275381,184,1.735421042,2.622581115,0,2.622581115,9.49007004245221e-05,0.010104756
AaegL5_3,208625859,208626098,240,2.075124687,2.877227688,0.111362356,2.765865331,9.49173085557755e-05,0.010104756
AaegL5_1,181630436,181630636,201,1.849402363,2.765812785,0,2.765812785,9.86743533332834e-05,0.010459052
AaegL5_2,439958327,439958544,218,2.187091953,3.105461622,0,3.105461622,0.000102456,0.010812924
AaegL5_3,211408671,211408830,160,1.707853171,2.648498845,0,2.648498845,0.000103064,0.010830136
AaegL5_3,130661123,130661275,153,1.475975632,2.444258179,0,2.444258179,0.000104815,0.010966861
AaegL5_2,270128113,270128299,187,1.892062888,2.765812785,0,2.765812785,0.000106138,0.010996364
AaegL5_2,314954244,314954390,147,1.892062888,2.765812785,0,2.765812785,0.000106138,0.010996364
AaegL5_1,25316812,25317085,274,1.799575741,2.717657415,0,2.717657415,0.00010645,0.010996364
AaegL5_2,421563357,421563584,228,1.400828724,2.400828724,0,2.400828724,0.000109017,0.011094918
AaegL5_3,182367990,182368135,146,1.400828724,2.400828724,0,2.400828724,0.000109017,0.011094918
AaegL5_3,246747791,246747929,139,1.400828724,2.400828724,0,2.400828724,0.000109017,0.011094918
AaegL5_1,90499567,90500597,1031,2.832235921,0.873152811,3.633649678,-2.760496866,0.000109279,0.011094918
AaegL5_1,178599392,178599533,142,2.061396731,2.940872472,0,2.940872472,0.000109679,0.011094918
AaegL5_3,40793633,40794168,536,3.043054328,1.209808969,3.824932166,-2.615123197,0.000111341,0.011216458
AaegL5_1,134099819,134100065,247,1.461541754,2.423762422,0,2.423762422,0.000114598,0.011449979
AaegL5_3,135458926,135459118,193,1.461541754,2.423762422,0,2.423762422,0.000114598,0.011449979
AaegL5_3,161625850,161625999,150,1.865975556,2.741936012,0,2.741936012,0.000116412,0.01158368
AaegL5_2,380822694,380824889,2196,4.920370633,4.257302509,5.372930425,-1.115627917,0.000117294,0.011624063
AaegL5_3,45057749,45061324,3576,6.227212836,5.724997219,6.599026286,-0.874029067,0.000118313,0.011677532
AaegL5_2,39622284,39622497,214,2.136465612,3.004507591,0,3.004507591,0.000123511,0.012141472
AaegL5_2,374529342,374529569,228,1.203862786,2.158578495,0,2.158578495,0.000124051,0.012145525
AaegL5_3,362188892,362189079,188,2.056120853,2.89374849,0,2.89374849,0.000125122,0.012201429
AaegL5_3,133068548,133068936,389,1.963886486,2.847465135,0,2.847465135,0.000126211,0.01222531
AaegL5_1,151688710,151689006,297,0.94740796,1.94740796,0,1.94740796,0.000127962,0.01222531
AaegL5_2,466510667,466510817,151,1.757917357,2.596189247,0,2.596189247,0.000128594,0.01222531
AaegL5_1,246324984,246325146,163,1.699351944,2.639639474,0,2.639639474,0.000129173,0.01222531
AaegL5_3,31565516,31565695,180,1.699351944,2.639639474,0,2.639639474,0.000129173,0.01222531
AaegL5_3,399851968,399852166,199,1.254173787,2.217116998,0,2.217116998,0.000129809,0.01222531
AaegL5_3,198964104,198964249,146,2.16164682,3.074132438,0,3.074132438,0.000132248,0.01222531
AaegL5_1,18248784,18248923,140,0.701502085,1.701502085,0,1.701502085,0.000132398,0.01222531
AaegL5_1,149625638,149625774,137,0.701502085,1.701502085,0,1.701502085,0.000132398,0.01222531
AaegL5_1,221796986,221797220,235,0.701502085,1.701502085,0,1.701502085,0.000132398,0.01222531
AaegL5_2,234944711,234947387,2677,5.531437812,4.939660033,5.949870915,-1.010210882,0.000132819,0.01222531
AaegL5_3,296611912,296612060,149,1.260627498,2.217116998,0,2.217116998,0.000133341,0.01222531
AaegL5_1,295226056,295228079,2024,4.875000806,4.158802251,5.351435141,-1.19263289,0.000134749,0.01222531
AaegL5_1,259415158,259415315,158,0.750190681,1.750190681,0,1.750190681,0.000137095,0.01222531
AaegL5_2,141981846,141982054,209,0.750190681,1.750190681,0,1.750190681,0.000137095,0.01222531
AaegL5_2,213719440,213719578,139,0.750190681,1.750190681,0,1.750190681,0.000137095,0.01222531
AaegL5_3,136108162,136108299,138,0.750190681,1.750190681,0,1.750190681,0.000137095,0.01222531
AaegL5_3,198153235,198153381,147,0.750190681,1.750190681,0,1.750190681,0.000137095,0.01222531
AaegL5_3,345330603,345330756,154,0.750190681,1.750190681,0,1.750190681,0.000137095,0.01222531
AaegL5_3,20200585,20200888,304,1.231850165,2.194207912,0,2.194207912,0.000137147,0.01222531
AaegL5_2,295688868,295689623,756,3.244138876,1.975843567,3.908485154,-1.932641587,0.000137455,0.01222531
AaegL5_2,183089221,183089395,175,2.476839176,3.313546056,0.252732172,3.060813884,0.000138188,0.01222531
AaegL5_1,150258485,150258663,179,1.28754507,2.251346333,0,2.251346333,0.00013911,0.01222531
AaegL5_2,182327475,182327920,446,1.28754507,2.251346333,0,2.251346333,0.00013911,0.01222531
AaegL5_2,215162795,215163088,294,1.808359899,2.75764727,0,2.75764727,0.000140873,0.01222531
AaegL5_2,183255538,183255763,226,2.0109666,2.917574662,0,2.917574662,0.00014249,0.01222531
AaegL5_1,3018294,3018433,140,1.293851535,2.251346333,0,2.251346333,0.000143448,0.01222531
AaegL5_1,83297916,83298063,148,1.293851535,2.251346333,0,2.251346333,0.000143448,0.01222531
AaegL5_3,376905474,376905642,169,1.293851535,2.251346333,0,2.251346333,0.000143448,0.01222531
AaegL5_2,91794513,91794809,297,0.827378642,1.827378642,0,1.827378642,0.000143748,0.01222531
AaegL5_3,229511791,229511938,148,0.827378642,1.827378642,0,1.827378642,0.000143748,0.01222531
AaegL5_1,232377064,232377418,355,0.781267536,1.781267536,0,1.781267536,0.000144085,0.01222531
AaegL5_2,41768886,41769186,301,0.781267536,1.781267536,0,1.781267536,0.000144085,0.01222531
AaegL5_3,384426233,384426427,195,0.781267536,1.781267536,0,1.781267536,0.000144085,0.01222531
NIGP01000834,31117,31853,737,0.781267536,1.781267536,0,1.781267536,0.000144085,0.01222531
AaegL5_2,188202438,188202643,206,2.235478876,3.044097993,0.226598356,2.817499637,0.000144599,0.01222531
AaegL5_2,110582895,110583109,215,0.668638358,1.668638358,0,1.668638358,0.000145426,0.01222531
AaegL5_2,255203852,255204022,171,0.668638358,1.668638358,0,1.668638358,0.000145426,0.01222531
AaegL5_3,118766295,118766449,155,0.668638358,1.668638358,0,1.668638358,0.000145426,0.01222531
AaegL5_3,179428710,179428889,180,0.668638358,1.668638358,0,1.668638358,0.000145426,0.01222531
AaegL5_2,85637095,85637263,169,1.178436303,2.178436303,0,2.178436303,0.000150894,0.012555096
AaegL5_2,384638235,384638414,180,1.178436303,2.178436303,0,2.178436303,0.000150894,0.012555096
AaegL5_3,86672496,86672708,213,1.178436303,2.178436303,0,2.178436303,0.000150894,0.012555096
AaegL5_2,418889968,418890224,257,2.403419494,3.184421121,0.575530872,2.608890249,0.000153064,0.012688206
AaegL5_3,185631675,185631814,140,2.436053395,3.178316482,0.824307658,2.354008824,0.000154066,0.012688206
AaegL5_3,227973239,227973467,229,2.356998399,3.182055762,0.226598356,2.955457406,0.000154567,0.012688206
AaegL5_1,191342193,191342371,179,2.023718453,2.980145401,0,2.980145401,0.000154751,0.012688206
AaegL5_1,52846400,52846819,420,2.845577061,3.511462652,1.57139022,1.940072432,0.000155096,0.012688206
AaegL5_2,179424449,179424617,169,1.023585068,1.980007926,0,1.980007926,0.00015562,0.012688492
AaegL5_2,179666278,179666413,136,1.978295991,2.874300463,0,2.874300463,0.000156279,0.012699769
AaegL5_3,236520049,236520241,193,3.18985426,4.031987434,0.919654125,3.112333309,0.000160096,0.012767318
AaegL5_2,189996143,189996290,148,1.356123693,2.251346333,0,2.251346333,0.000161182,0.012767318
AaegL5_1,132489459,132489628,170,0.872061487,1.872061487,0,1.872061487,0.000162767,0.012767318
AaegL5_2,320421512,320421665,154,0.872061487,1.872061487,0,1.872061487,0.000162767,0.012767318
AaegL5_2,392828386,392828524,139,0.872061487,1.872061487,0,1.872061487,0.000162767,0.012767318
AaegL5_3,20012145,20012293,149,0.872061487,1.872061487,0,1.872061487,0.000162767,0.012767318
AaegL5_3,182551657,182551793,137,0.872061487,1.872061487,0,1.872061487,0.000162767,0.012767318
AaegL5_2,251152018,251152203,186,0.79728962,1.79728962,0,1.79728962,0.000162871,0.012767318
AaegL5_3,56097869,56098004,136,0.79728962,1.79728962,0,1.79728962,0.000162871,0.012767318
AaegL5_3,62430124,62430271,148,0.79728962,1.79728962,0,1.79728962,0.000162871,0.012767318
AaegL5_3,286955618,286955762,145,0.79728962,1.79728962,0,1.79728962,0.000162871,0.012767318
AaegL5_3,40281881,40282178,298,2.076202749,2.934307244,0,2.934307244,0.000164958,0.01288948
AaegL5_2,375995380,375995548,169,1.180740558,2.134712849,0,2.134712849,0.000167906,0.012981785
AaegL5_3,150802455,150802612,158,1.337134378,2.266344718,0,2.266344718,0.000168014,0.012981785
AaegL5_1,123619750,123619905,156,1.644673255,2.517743603,0,2.517743603,0.000168136,0.012981785
AaegL5_1,222072851,222073007,157,1.289681609,2.209808969,0,2.209808969,0.00016827,0.012981785
AaegL5_2,20422402,20422663,262,1.917186953,2.893894436,0,2.893894436,0.000170385,0.013102085
AaegL5_1,168445575,168445734,160,2.06395767,2.952451861,0,2.952451861,0.000171225,0.013102085
AaegL5_2,13883106,13883261,156,1.797271017,2.634190324,0,2.634190324,0.000171441,0.013102085
AaegL5_2,326810644,326810780,137,1.976259988,2.7996476,0,2.7996476,0.000172186,0.013113985
AaegL5_3,208630466,208630629,164,1.897515863,2.849893046,0,2.849893046,0.000173069,0.013113985
AaegL5_2,236561270,236561603,334,1.716212092,2.590573162,0,2.590573162,0.000173211,0.013113985
AaegL5_3,172789642,172789876,235,2.592413344,3.297661354,1.156352721,2.141308633,0.000176192,0.013212427
AaegL5_2,266254522,266256500,1979,4.935430805,4.251765946,5.397397525,-1.145631579,0.000176554,0.013212427
AaegL5_1,137241271,137241424,154,1.341169567,2.306307716,0,2.306307716,0.000178357,0.013212427
AaegL5_1,165917609,165917906,298,1.341169567,2.306307716,0,2.306307716,0.000178357,0.013212427
AaegL5_1,220875393,220875540,148,1.380561252,2.299438848,0,2.299438848,0.000178627,0.013212427
AaegL5_1,116023572,116023719,148,1.993460132,2.852166665,0,2.852166665,0.000179046,0.013212427
AaegL5_2,248116178,248116354,177,1.322250667,2.244210077,0,2.244210077,0.000179388,0.013212427
AaegL5_2,418410431,418410863,433,2.049256168,2.809920703,0.339582137,2.470338566,0.00018027,0.013212427
AaegL5_3,351009528,351009711,184,2.364680633,3.205707928,0.104008718,3.10169921,0.000181008,0.013212427
AaegL5_1,112130324,112130501,178,1.320161855,2.28478233,0,2.28478233,0.000181014,0.013212427
AaegL5_2,366300194,366300362,169,1.320161855,2.28478233,0,2.28478233,0.000181014,0.013212427
AaegL5_2,385969841,385969981,141,1.320161855,2.28478233,0,2.28478233,0.000181014,0.013212427
AaegL5_1,274142847,274143001,155,1.748111945,2.690424123,0,2.690424123,0.000182113,0.013252928
AaegL5_1,291309616,291311146,1531,3.722203307,2.464270287,4.383822847,-1.919552559,0.000183,0.013270599
AaegL5_3,182946646,182946793,148,1.315243025,2.273372585,0,2.273372585,0.000183444,0.013270599
NIGP01001954,6692,7224,533,1.69849032,2.517743603,0,2.517743603,0.000184541,0.013310415
AaegL5_2,161554993,161555519,527,3.431391211,4.185103409,1.759649457,2.425453952,0.000186313,0.013341279
AaegL5_1,2531008,2531152,145,1.347246409,2.306307716,0,2.306307716,0.00018661,0.013341279
AaegL5_2,179178186,179178349,164,1.347246409,2.306307716,0,2.306307716,0.00018661,0.013341279
AaegL5_3,234137760,234138203,444,1.943840214,2.720919985,0.139648087,2.581271897,0.000188244,0.013418712
AaegL5_2,378469397,378470637,1241,4.381859401,3.473453793,4.934950943,-1.46149715,0.000190395,0.01353245
AaegL5_1,143539312,143539467,156,1.473988664,2.403931673,0,2.403931673,0.000191423,0.013566016
AaegL5_3,249816064,249816201,138,1.50269035,2.434046697,0,2.434046697,0.000193371,0.01366431
AaegL5_3,224639974,224640116,143,3.126513734,3.995534757,0.600160479,3.395374278,0.00019605,0.013813574
AaegL5_1,161491798,161491964,167,1.794277184,2.685163797,0,2.685163797,0.000196762,0.013823833
AaegL5_3,359284728,359285049,322,2.256040004,3.059433084,0.283472386,2.775960698,0.000197637,0.013845361
AaegL5_1,174383489,174384049,561,1.918229878,2.768968369,0,2.768968369,0.000199054,0.013848571
AaegL5_1,242755147,242756750,1604,4.895959349,4.189541854,5.368093493,-1.178551639,0.000199357,0.013848571
AaegL5_3,188144889,188145235,347,2.201232187,3.08263091,0,3.08263091,0.000199387,0.013848571
AaegL5_MT,16527,16790,264,4.6201708,2.78930082,5.401660559,-2.61235974,0.000203436,0.01408966
AaegL5_3,215402068,215402221,154,1.765382063,2.739481712,0,2.739481712,0.000204947,0.01415414
AaegL5_1,205562700,205565170,2471,2.079674177,3.008724922,0,3.008724922,0.000207774,0.014239938
AaegL5_3,218043820,218043961,142,1.258525002,2.146121178,0,2.146121178,0.000207868,0.014239938
AaegL5_2,203124382,203124779,398,2.288018613,3.063493095,0.493396464,2.57009663,0.000207942,0.014239938
AaegL5_3,224812476,224813552,1077,3.675683439,2.370777583,4.349468216,-1.978690633,0.000208737,0.014245605
AaegL5_1,117412391,117412528,138,1.72860094,2.665255247,0,2.665255247,0.000209193,0.014245605
AaegL5_3,276086136,276087175,1040,4.102967087,3.227112058,4.644054842,-1.416942784,0.000213206,0.014478406
AaegL5_3,311709312,311709569,258,1.668559667,2.57860613,0,2.57860613,0.000214608,0.014533142
AaegL5_3,177942926,177943474,549,2.627384646,3.552880648,0,3.552880648,0.000216981,0.014653147
AaegL5_3,178071629,178071845,217,1.997674675,2.884057247,0,2.884057247,0.000218633,0.014723883
AaegL5_1,139251803,139251954,152,1.444704363,2.373174599,0,2.373174599,0.000219466,0.014739265
AaegL5_2,389873146,389874708,1563,4.769747582,4.071316368,5.238339298,-1.16702293,0.000220705,0.014772212
AaegL5_3,181303651,181303813,163,1.48392227,2.414357775,0,2.414357775,0.000221168,0.014772212
AaegL5_3,400141290,400141643,354,1.261203899,0,2.261203899,-2.261203899,0.000224483,0.014940133
AaegL5_3,44185156,44185364,209,1.38724252,2.28478233,0,2.28478233,0.000224908,0.014940133
AaegL5_2,57765062,57765215,154,1.372609123,2.338507725,0,2.338507725,0.000228627,0.015104889
AaegL5_3,61250329,61250478,150,1.372609123,2.338507725,0,2.338507725,0.000228627,0.015104889
AaegL5_3,181709046,181709218,173,1.76991323,2.739481712,0,2.739481712,0.000230313,0.015175163
AaegL5_3,221729580,221729738,159,1.659823005,2.56930557,0,2.56930557,0.000239003,0.015694504
AaegL5_3,326464592,326466246,1655,2.874318755,0.482579211,3.729868003,-3.247288792,0.000240727,0.015694504
AaegL5_1,76722914,76723058,145,1.37855524,2.338507725,0,2.338507725,0.00024224,0.015694504
AaegL5_1,96912716,96912895,180,1.37855524,2.338507725,0,2.338507725,0.00024224,0.015694504
AaegL5_2,33108506,33108679,174,1.37855524,2.338507725,0,2.338507725,0.00024224,0.015694504
AaegL5_2,281888322,281888531,210,1.37855524,2.338507725,0,2.338507725,0.00024224,0.015694504
AaegL5_2,360886674,360886810,137,1.585357793,2.495366245,0,2.495366245,0.000242702,0.015694504
AaegL5_1,279453632,279453780,149,1.830811226,2.676527409,0,2.676527409,0.000244122,0.015744584
AaegL5_3,261679643,261681480,1838,4.852290687,4.267460763,5.267261893,-0.99980113,0.00025099,0.016066847
AaegL5_3,36668514,36668676,163,1.73744311,2.596189247,0,2.596189247,0.000251369,0.016066847
AaegL5_2,73999915,74000050,136,1.550889916,2.520794273,0,2.520794273,0.000251523,0.016066847
AaegL5_2,157368860,157369252,393,1.58416753,2.513986992,0,2.513986992,0.000251755,0.016066847
AaegL5_1,275424711,275425687,977,2.979747721,1.617067028,3.667830413,-2.050763385,0.000253459,0.016133372
AaegL5_3,256902912,256903098,187,0.684373554,1.684373554,0,1.684373554,0.000254344,0.01614754
AaegL5_3,395726845,395727193,349,1.873418363,2.765812785,0,2.765812785,0.000256177,0.016221641
AaegL5_1,118725262,118725401,140,1.785182607,2.733633839,0,2.733633839,0.000257743,0.016278568
AaegL5_1,294713600,294713909,310,2.415413974,3.176503191,0.703384195,2.473118996,0.000259604,0.016353731
AaegL5_3,18622625,18626470,3846,5.766809695,5.044494196,6.245912081,-1.201417885,0.000261168,0.01636347
AaegL5_1,195445177,195445472,296,1.538651573,2.414357775,0,2.414357775,0.000261655,0.01636347
AaegL5_3,385601789,385601927,139,1.450361206,2.373174599,0,2.373174599,0.000262463,0.01636347
AaegL5_1,121216498,121216706,209,1.958606198,2.866728014,0,2.866728014,0.000263972,0.01636347
AaegL5_2,88315266,88315430,165,1.595704777,2.566539001,0,2.566539001,0.000267151,0.01636347
AaegL5_2,385076873,385077042,170,1.595704777,2.566539001,0,2.566539001,0.000267151,0.01636347
AaegL5_1,262586867,262587013,147,0.915401897,1.915401897,0,1.915401897,0.000268485,0.01636347
AaegL5_1,280232783,280232921,139,0.915401897,1.915401897,0,1.915401897,0.000268485,0.01636347
AaegL5_2,70394404,70394604,201,0.915401897,1.915401897,0,1.915401897,0.000268485,0.01636347
AaegL5_2,171621914,171622057,144,0.915401897,1.915401897,0,1.915401897,0.000268485,0.01636347
AaegL5_2,409915823,409916000,178,0.915401897,1.915401897,0,1.915401897,0.000268485,0.01636347
AaegL5_3,189749532,189749741,210,0.915401897,1.915401897,0,1.915401897,0.000268485,0.01636347
AaegL5_3,240286654,240286790,137,0.915401897,1.915401897,0,1.915401897,0.000268485,0.01636347
AaegL5_3,187293546,187293711,166,1.793826616,2.690424123,0,2.690424123,0.000272309,0.016511736
AaegL5_3,239095388,239095526,139,2.393493871,3.307965073,0,3.307965073,0.000272686,0.016511736
AaegL5_2,422778543,422778713,171,2.190870679,3.022421062,0.009087968,3.013333094,0.000272949,0.016511736
AaegL5_3,342643727,342644019,293,2.303952387,3.128393739,0.178321695,2.950072044,0.000277211,0.016728041
AaegL5_2,349759990,349761075,1086,4.584993764,3.776620409,5.099974109,-1.323353699,0.000278384,0.016757364
AaegL5_2,295894001,295894333,333,1.976657043,2.79477147,0,2.79477147,0.000281255,0.016858391
AaegL5_2,81064743,81065060,318,2.061469553,2.993476369,0,2.993476369,0.000281446,0.016858391
AaegL5_2,277414962,277415317,356,2.420795694,3.16281552,0.810292975,2.352522545,0.000283224,0.016923338
AaegL5_1,79034574,79034797,224,1.155957437,0,2.155957437,-2.155957437,0.00028984,0.017276292
NIGP01001982,193165,193308,144,1.335407693,2.114239647,0,2.114239647,0.00029124,0.0173174
AaegL5_2,230239754,230240027,274,1.97824914,2.91022655,0,2.91022655,0.000292466,0.017348017
AaegL5_2,471497231,471497397,167,2.302925683,3.260690928,0,3.260690928,0.000293495,0.017366811
AaegL5_3,229720858,229721031,174,1.600800467,2.566539001,0,2.566539001,0.000295754,0.017458077
AaegL5_2,88406906,88407055,150,2.160453306,2.984297379,0.039429989,2.94486739,0.000302495,0.01781286
AaegL5_2,435144748,435144965,218,1.437347878,2.338507725,0,2.338507725,0.000307367,0.018056163
AaegL5_1,140633370,140633547,178,1.83408904,2.733633839,0,2.733633839,0.00031012,0.018174077
AaegL5_1,63906422,63907685,1264,4.210106332,3.471518152,4.696227994,-1.224709843,0.000312433,0.01826573
AaegL5_3,319800309,319800583,275,2.593694861,3.443791303,0.252732172,3.191059131,0.000313253,0.018269854
AaegL5_2,193668247,193670708,2462,5.323470221,4.620151748,5.794233109,-1.174081361,0.0003195,0.018548404
AaegL5_3,40169908,40171395,1488,4.669978868,3.973618786,5.13764727,-1.164028484,0.000319551,0.018548404
AaegL5_3,133050657,133050865,209,1.807994675,2.651112765,0,2.651112765,0.00032365,0.018712256
AaegL5_2,340869857,340871025,1169,3.565225326,2.499171593,4.171550353,-1.672378759,0.000324163,0.018712256
AaegL5_1,245652745,245653222,478,2.316058337,3.277397854,0,3.277397854,0.000324763,0.018712256
AaegL5_3,193374219,193374423,205,1.576264646,2.511112173,0,2.511112173,0.000325444,0.018712256
AaegL5_1,121687151,121687315,165,1.543721252,2.482579211,0,2.482579211,0.000333505,0.019130611
AaegL5_2,405889614,405891812,2199,4.83810596,4.249775657,5.254824418,-1.005048761,0.000340819,0.019475577
AaegL5_2,463593834,463594093,260,1.78299673,2.673959174,0,2.673959174,0.000341116,0.019475577
AaegL5_2,231490928,231491229,302,2.749863703,3.495816729,1.119104535,2.376712194,0.00034466,0.019631909
AaegL5_2,36392824,36393567,744,2.9968067,3.680852065,1.650734317,2.030117748,0.000346301,0.019679434
AaegL5_1,234517240,234517699,460,2.476593838,3.247782618,0.7071633,2.540619318,0.000352432,0.019981227
AaegL5_3,10307366,10308435,1070,3.892376389,3.039982954,4.424578517,-1.384595563,0.000356611,0.020171293
AaegL5_3,60262916,60263073,158,1.929501787,2.726051769,0.002951971,2.723099798,0.000359145,0.020267582
AaegL5_2,230912776,230912943,168,2.147118969,2.905710762,0.448877859,2.456832903,0.000363314,0.020427927
AaegL5_1,130657482,130659989,2508,4.900027825,4.249775657,5.346634566,-1.096858909,0.000363662,0.020427927
AaegL5_3,221958874,221959172,299,1.971401287,2.822595498,0,2.822595498,0.000366481,0.020509642
AaegL5_2,117268766,117271238,2473,5.100418406,4.489568991,5.528227233,-1.038658242,0.000366799,0.020509642
AaegL5_3,265256008,265256143,136,1.558269606,2.46651701,0,2.46651701,0.000369181,0.020568239
AaegL5_2,60265797,60266149,353,2.943453368,3.717657415,1.156352721,2.561304694,0.000369535,0.020568239
AaegL5_2,175459405,175459627,223,1.757124183,2.667839009,0,2.667839009,0.000377368,0.020956407
AaegL5_3,198965060,198965274,215,1.249024337,2.205157088,0,2.205157088,0.000384404,0.021298588
AaegL5_2,414428958,414432195,3238,5.045531406,4.547748225,5.414920672,-0.867172447,0.000385427,0.021306873
AaegL5_2,379259323,379259601,279,2.181395916,3.015589245,0,3.015589245,0.000390789,0.021500663
AaegL5_2,168609210,168610524,1315,3.722875383,2.809920703,4.277615224,-1.467694521,0.000391594,0.021500663
AaegL5_2,26729690,26731591,1902,4.950356268,4.40851894,5.343337932,-0.934818992,0.000392207,0.021500663
AaegL5_1,256058139,256058696,558,4.13611422,4.802040617,2.861770791,1.940269826,0.000393192,0.021500663
AaegL5_2,430880012,430881015,1004,4.201720355,3.384207338,4.720336823,-1.336129485,0.000393342,0.021500663
AaegL5_1,98996720,98997296,577,3.913262245,2.92986632,4.492647315,-1.562780994,0.000394642,0.021521647
AaegL5_3,194114900,194115063,164,2.042505517,2.874300463,0,2.874300463,0.000395492,0.021521647
AaegL5_1,257412616,257412868,253,1.403378128,2.370004713,0,2.370004713,0.000403107,0.021790142
AaegL5_2,86611947,86612115,169,1.403378128,2.370004713,0,2.370004713,0.000403107,0.021790142
AaegL5_3,364187570,364187720,151,1.403378128,2.370004713,0,2.370004713,0.000403107,0.021790142
AaegL5_3,275970955,275971168,214,1.560254415,2.373174599,0,2.373174599,0.000405664,0.021879814
AaegL5_2,243870427,243870647,221,1.984812923,2.837456846,0,2.837456846,0.000409148,0.021988475
AaegL5_2,260888923,260889090,168,1.725976148,2.639639474,0,2.639639474,0.000409482,0.021988475
AaegL5_1,149618299,149618496,198,1.795821941,2.581349677,0,2.581349677,0.000412167,0.022084016
AaegL5_2,94573418,94573588,171,1.358088754,2.317460932,0,2.317460932,0.000414068,0.022137217
AaegL5_3,1347606,1347784,179,2.079040301,3.033366486,0,3.033366486,0.000423894,0.022612931
AaegL5_2,126163573,126163859,287,1.5265826,2.453470531,0,2.453470531,0.000426503,0.022661228
AaegL5_3,20947377,20947608,232,1.468616728,2.370777583,0,2.370777583,0.000426658,0.022661228
AaegL5_3,281154626,281155282,657,3.193272234,4.105461622,0.111362356,3.994099266,0.000428373,0.022702848
AaegL5_2,319326756,319326901,146,1.86497198,2.765812785,0,2.765812785,0.000434129,0.022957998
AaegL5_1,284204379,284204524,146,1.806695995,2.622581115,0,2.622581115,0.000439509,0.023192185
AaegL5_2,192333769,192334102,334,1.899323173,2.827378642,0,2.827378642,0.000442955,0.023304223
AaegL5_2,195959918,195960780,863,3.30839566,4.177189233,0.784433524,3.392755709,0.000443544,0.023304223
AaegL5_3,139954123,139954321,199,2.15941683,2.968787036,0.145230461,2.823556575,0.000446292,0.0233982
AaegL5_3,155687265,155687473,209,1.792878373,2.590573162,0,2.590573162,0.000451705,0.023631148
AaegL5_1,233457474,233458744,1271,4.207811866,3.242363174,4.781070901,-1.538707727,0.000452794,0.023634587
AaegL5_1,79997053,79997194,142,0.937828757,1.891539516,0,1.891539516,0.00045371,0.023634587
AaegL5_3,183714754,183715447,694,1.484913245,0,2.484913245,-2.484913245,0.000456372,0.023678329
AaegL5_3,21460579,21461014,436,2.903183952,3.543754928,1.722211087,1.821543841,0.000456562,0.023678329
AaegL5_3,153178311,153181278,2968,5.238896271,4.775277003,5.589207071,-0.813930068,0.000457463,0.023678329
AaegL5_2,305933681,305934326,646,3.150732288,1.723406039,3.853993068,-2.13058703,0.000465666,0.024051821
AaegL5_2,367255743,367257522,1780,5.423874952,4.904882638,5.804760518,-0.89987788,0.000468347,0.024139198
AaegL5_1,62528166,62528339,174,1.005821185,1.961695821,0,1.961695821,0.00047075,0.024160875
AaegL5_2,468484907,468485043,137,1.005821185,1.961695821,0,1.961695821,0.00047075,0.024160875
AaegL5_1,204752806,204752941,136,0.895166852,1.847465135,0,1.847465135,0.00047221,0.024184901
AaegL5_3,152728226,152729777,1552,4.962953954,4.41690179,5.358135538,-0.941233747,0.000473587,0.024204573
AaegL5_2,195970894,195971039,146,5.777058538,6.545375053,4.024227465,2.521147588,0.000477246,0.024272045
AaegL5_1,257424255,257424408,154,1.60302015,2.539091751,0,2.539091751,0.000477481,0.024272045
AaegL5_1,112137735,112138010,276,2.438833342,3.262401494,0.319932857,2.942468638,0.000478014,0.024272045
AaegL5_1,19585960,19586219,260,1.052832165,2.002461975,0,2.002461975,0.000480881,0.024272045
AaegL5_2,472082408,472082555,148,1.052832165,2.002461975,0,2.002461975,0.000480881,0.024272045
AaegL5_3,217079835,217079972,138,1.052832165,2.002461975,0,2.002461975,0.000480881,0.024272045
AaegL5_2,259337752,259337892,141,1.563664293,2.492454044,0,2.492454044,0.000487377,0.024549093
AaegL5_1,233194197,233194349,153,1.863640092,2.676527409,0,2.676527409,0.000489096,0.024584903
AaegL5_3,261529491,261529652,162,1.932540414,2.78930082,0,2.78930082,0.000492511,0.024700711
AaegL5_2,404245660,404245818,159,1.810109843,2.563583642,0.139648087,2.423935555,0.000493427,0.024700711
AaegL5_3,362081339,362082944,1606,4.777379427,4.103956137,5.234693077,-1.13073694,0.000506925,0.025284257
AaegL5_2,131393885,131394255,371,3.192027654,3.890091094,1.787242369,2.102848724,0.000507871,0.025284257
AaegL5_3,46328074,46328311,238,1.675515659,2.551389669,0,2.551389669,0.000509167,0.025284257
AaegL5_1,20363356,20363514,159,2.103539303,2.973109932,0,2.973109932,0.000509232,0.025284257
NIGP01001676,11849,12009,161,2.34679066,3.08263091,0.767441752,2.315189159,0.000511754,0.025357845
AaegL5_1,3151040,3151556,517,2.538420148,3.264638823,1.006023231,2.258615592,0.000517067,0.025521225
AaegL5_3,321141352,321141657,306,0.96515119,1.91974416,0,1.91974416,0.00052044,0.025521225
AaegL5_2,268974852,268975774,923,1.088770753,1.961695821,0,1.961695821,0.000520805,0.025521225
AaegL5_2,219949910,219950049,140,1.083875293,2.042107787,0,2.042107787,0.000521662,0.025521225
AaegL5_3,84276795,84276941,147,1.083875293,2.042107787,0,2.042107787,0.000521662,0.025521225
AaegL5_3,226779565,226779714,150,1.083875293,2.042107787,0,2.042107787,0.000521662,0.025521225
AaegL5_3,80285075,80285282,208,3.786780617,4.491450988,2.353265557,2.138185431,0.00052238,0.025521225
AaegL5_2,324345087,324346282,1196,3.517290262,2.150967039,4.206250726,-2.055283687,0.000532896,0.02589447
AaegL5_2,4146379,4147836,1458,4.144780386,3.412716454,4.628101391,-1.215384938,0.000533692,0.02589447
AaegL5_1,83170057,83170209,153,1.108589616,2.067541711,0,2.067541711,0.000534268,0.02589447
AaegL5_2,203775123,203775281,159,1.108589616,2.067541711,0,2.067541711,0.000534268,0.02589447
AaegL5_2,244967242,244967398,157,1.091135566,2.042107787,0,2.042107787,0.000536717,0.02592542
AaegL5_3,197418280,197418441,162,2.92952132,3.717657415,1.057328855,2.660328561,0.000538474,0.02592542
AaegL5_2,344261447,344261599,153,2.227139727,3.067541711,0,3.067541711,0.000538904,0.02592542
AaegL5_3,122849952,122850087,136,1.98775921,2.888641216,0,2.888641216,0.000541347,0.02592542
AaegL5_2,263176494,263178906,2413,5.204985358,4.58984709,5.634877309,-1.045030219,0.000542691,0.02592542
AaegL5_2,436645020,436645197,178,1.377219508,2.266344718,0,2.266344718,0.000543948,0.02592542
AaegL5_2,78124115,78124552,438,1.0197756,0,2.0197756,-2.0197756,0.000547441,0.02592542
AaegL5_3,294116666,294117434,769,3.96957225,3.16659514,4.482390571,-1.315795431,0.000550067,0.02592542
AaegL5_1,255586151,255586311,161,1.773859192,2.690424123,0,2.690424123,0.000550523,0.02592542
AaegL5_3,183079150,183079742,593,1.11572688,2.067541711,0,2.067541711,0.000551306,0.02592542
AaegL5_3,355656378,355656557,180,1.11572688,2.067541711,0,2.067541711,0.000551306,0.02592542
AaegL5_3,319322341,319322487,147,1.147816789,2.059433084,0,2.059433084,0.000560874,0.02592542
AaegL5_2,359708369,359708515,147,1.241257193,2.158578495,0,2.158578495,0.000561985,0.02592542
AaegL5_2,188857527,188858655,1129,2.974085952,1.651112765,3.652419012,-2.001306247,0.000564029,0.02592542
AaegL5_2,207383499,207383650,152,1.019544788,1.975843567,0,1.975843567,0.000565546,0.02592542
AaegL5_2,394672622,394672766,145,1.019544788,1.975843567,0,1.975843567,0.000565546,0.02592542
AaegL5_1,171287530,171288557,1028,4.893266126,4.299641791,5.312615117,-1.012973326,0.000570434,0.02592542
AaegL5_1,211946159,211946316,158,1.1454593,2.105461622,0,2.105461622,0.000574391,0.02592542
AaegL5_1,238924648,238924822,175,1.1454593,2.105461622,0,2.105461622,0.000574391,0.02592542
AaegL5_2,13106196,13106331,136,1.1454593,2.105461622,0,2.105461622,0.000574391,0.02592542
AaegL5_2,364381271,364381418,148,1.1454593,2.105461622,0,2.105461622,0.000574391,0.02592542
AaegL5_3,188775044,188775189,146,1.1454593,2.105461622,0,2.105461622,0.000574391,0.02592542
AaegL5_3,199419300,199419436,137,1.1454593,2.105461622,0,2.105461622,0.000574391,0.02592542
AaegL5_3,329272443,329272624,182,1.1454593,2.105461622,0,2.105461622,0.000574391,0.02592542
AaegL5_3,271988949,271989543,595,1.080857575,0,2.080857575,-2.080857575,0.000575979,0.02592542
AaegL5_1,275435087,275435250,164,1.200085061,2.122046829,0,2.122046829,0.000576505,0.02592542
AaegL5_3,123260367,123260513,147,1.626536536,2.447269208,0,2.447269208,0.000577588,0.02592542
AaegL5_3,175844767,175844953,187,1.486329106,2.383824536,0,2.383824536,0.00057891,0.02592542
AaegL5_3,384377925,384378138,214,2.19152383,3.048201328,0,3.048201328,0.000579338,0.02592542
AaegL5_2,5404043,5404290,248,2.153246736,2.927044077,0.3685443,2.558499777,0.000580249,0.02592542
AaegL5_3,315339765,315339915,151,1.700507706,2.57860613,0,2.57860613,0.000581336,0.02592542
AaegL5_1,7771482,7771619,138,0.593473802,1.593473802,0,1.593473802,0.000586552,0.02592542
AaegL5_1,177970707,177970852,146,0.593473802,1.593473802,0,1.593473802,0.000586552,0.02592542
AaegL5_2,178401629,178401788,160,0.593473802,1.593473802,0,1.593473802,0.000586552,0.02592542
AaegL5_3,57587873,57588022,150,0.593473802,1.593473802,0,1.593473802,0.000586552,0.02592542
AaegL5_3,120045352,120045509,158,0.593473802,1.593473802,0,1.593473802,0.000586552,0.02592542
AaegL5_2,446438983,446439799,817,4.403296964,3.628720514,4.904547339,-1.275826826,0.00058988,0.02592542
AaegL5_3,55816722,55816873,152,1.296596978,2.217116998,0,2.217116998,0.00059143,0.02592542
AaegL5_1,114271058,114271209,152,0.539091751,1.539091751,0,1.539091751,0.000592173,0.02592542
AaegL5_1,206327267,206327411,145,0.539091751,1.539091751,0,1.539091751,0.000592173,0.02592542
AaegL5_2,81280800,81280937,138,0.539091751,1.539091751,0,1.539091751,0.000592173,0.02592542
AaegL5_2,228936427,228936907,481,0.539091751,1.539091751,0,1.539091751,0.000592173,0.02592542
AaegL5_3,82266177,82266321,145,0.539091751,1.539091751,0,1.539091751,0.000592173,0.02592542
AaegL5_3,236999566,236999704,139,0.539091751,1.539091751,0,1.539091751,0.000592173,0.02592542
AaegL5_2,145364608,145364747,140,1.597932307,2.539091751,0,2.539091751,0.000592466,0.02592542
AaegL5_1,101486914,101488038,1125,4.03706414,3.234757769,4.549612935,-1.314855166,0.000592834,0.02592542
AaegL5_3,63588062,63588231,170,2.148501854,3.067541711,0,3.067541711,0.000594987,0.02592542
AaegL5_1,82088104,82088266,163,1.152416908,2.105461622,0,2.105461622,0.000595832,0.02592542
AaegL5_2,49047970,49048106,137,0.482579211,1.482579211,0,1.482579211,0.000597829,0.02592542
AaegL5_2,229981778,229981923,146,0.482579211,1.482579211,0,1.482579211,0.000597829,0.02592542
AaegL5_2,473055027,473055187,161,0.482579211,1.482579211,0,1.482579211,0.000597829,0.02592542
AaegL5_3,129981766,129981984,219,0.482579211,1.482579211,0,1.482579211,0.000597829,0.02592542
AaegL5_3,316182704,316182905,202,0.482579211,1.482579211,0,1.482579211,0.000597829,0.02592542
NIGP01000729,17736,17885,150,1.491825376,2.383824536,0,2.383824536,0.000597882,0.02592542
AaegL5_3,164819397,164819559,163,1.162573241,2.042107787,0,2.042107787,0.000598016,0.02592542
AaegL5_2,152453731,152453878,148,0.423762422,1.423762422,0,1.423762422,0.00060352,0.02592542
AaegL5_3,89058888,89059052,165,0.423762422,1.423762422,0,1.423762422,0.00060352,0.02592542
AaegL5_3,97294736,97294963,228,2.164370168,2.948066525,0.319932857,2.628133669,0.000604831,0.02592542
AaegL5_1,162907604,162907785,182,0.444258179,1.444258179,0,1.444258179,0.00060728,0.02592542
AaegL5_1,262786702,262786869,168,0.444258179,1.444258179,0,1.444258179,0.00060728,0.02592542
AaegL5_2,259699823,259699983,161,0.444258179,1.444258179,0,1.444258179,0.00060728,0.02592542
AaegL5_3,65067283,65067434,152,0.444258179,1.444258179,0,1.444258179,0.00060728,0.02592542
AaegL5_3,108722278,108722442,165,0.444258179,1.444258179,0,1.444258179,0.00060728,0.02592542
AaegL5_1,131513651,131513799,149,0.362445459,1.362445459,0,1.362445459,0.000609246,0.02592542
AaegL5_2,62462534,62462669,136,0.362445459,1.362445459,0,1.362445459,0.000609246,0.02592542
AaegL5_2,303093286,303093461,176,0.362445459,1.362445459,0,1.362445459,0.000609246,0.02592542
AaegL5_1,220821112,220821399,288,2.216321742,2.948066525,0.657183606,2.29088292,0.000610033,0.02592542
AaegL5_1,108683760,108685501,1742,4.813133055,4.264582389,5.209614115,-0.945031726,0.000611424,0.02592542
AaegL5_2,29768733,29768894,162,0.383824536,1.383824536,0,1.383824536,0.000613031,0.02592542
AaegL5_2,47466761,47466946,186,0.383824536,1.383824536,0,1.383824536,0.000613031,0.02592542
AaegL5_2,362177948,362178163,216,0.383824536,1.383824536,0,1.383824536,0.000613031,0.02592542
AaegL5_2,198409565,198409710,146,2.071863705,2.845184088,0.289967812,2.555216276,0.000614034,0.02592542
AaegL5_2,270446449,270446597,149,1.517826858,2.444258179,0,2.444258179,0.00061571,0.02592542
AaegL5_2,55144865,55145037,173,1.877224732,2.701502085,0,2.701502085,0.000616037,0.02592542
AaegL5_2,62153137,62153322,186,1.983863952,2.888641216,0,2.888641216,0.000618228,0.02592542
AaegL5_1,68820128,68820275,148,0.320748261,1.320748261,0,1.320748261,0.000618817,0.02592542
AaegL5_2,324308029,324308194,166,1.490034395,2.320748261,0,2.320748261,0.000619746,0.02592542
AaegL5_2,468244762,468244906,145,2.16319314,3.022421062,0,3.022421062,0.00062103,0.02592542
AaegL5_2,232946011,232946242,232,1.505066104,2.403931673,0,2.403931673,0.000623588,0.02592542
NIGP01000216,44914,45168,255,0.254787632,1.254787632,0,1.254787632,0.000624639,0.02592542
AaegL5_1,182964738,182964909,172,1.329012031,2.251346333,0,2.251346333,0.000625095,0.02592542
AaegL5_2,455513924,455514181,258,1.948238395,2.726051769,0.139648087,2.586403681,0.000625479,0.02592542
AaegL5_1,197344800,197345186,387,2.235543421,3.09313056,0,3.09313056,0.000626481,0.02592542
AaegL5_2,227973038,227973175,138,1.747731143,2.57860613,0,2.57860613,0.000627831,0.02592542
AaegL5_3,323163566,323163724,159,1.31201783,2.158578495,0,2.158578495,0.000627926,0.02592542
AaegL5_3,180105998,180107504,1507,1.533162048,2.434046697,0,2.434046697,0.000628142,0.02592542
AaegL5_3,230966835,230966998,164,1.533162048,2.434046697,0,2.434046697,0.000628142,0.02592542
AaegL5_1,129318283,129318481,199,0.277809959,1.277809959,0,1.277809959,0.000628489,0.02592542
AaegL5_MT,7,13306,13300,13.47528905,11.82298555,14.2253537,-2.402368151,0.000631966,0.02602484
AaegL5_1,166454926,166455066,141,0.209808969,1.209808969,0,1.209808969,0.00063437,0.026035879
NIGP01000675,54063,54457,395,0.209808969,1.209808969,0,1.209808969,0.00063437,0.026035879
AaegL5_1,302722670,302723797,1128,4.976049633,4.284931701,5.441372487,-1.156440786,0.000644366,0.026401691
AaegL5_1,270664110,270664366,257,2.340507827,3.152363282,0.308604744,2.843758539,0.000645938,0.026421668
AaegL5_2,146172669,146172830,162,2.613101579,3.468098284,0.226598356,3.241499928,0.000649013,0.026463578
AaegL5_2,216734065,216734253,189,1.886961582,2.750190681,0,2.750190681,0.000652253,0.026463578
AaegL5_1,252412580,252412717,138,1.538483085,2.434046697,0,2.434046697,0.000653298,0.026463578
AaegL5_2,259003231,259003406,176,1.302864084,2.217116998,0,2.217116998,0.000654347,0.026463578
AaegL5_2,339461983,339462124,142,1.302864084,2.217116998,0,2.217116998,0.000654347,0.026463578
AaegL5_1,59309596,59309881,286,1.32285773,2.251346333,0,2.251346333,0.000654666,0.026463578
AaegL5_2,208446367,208446630,264,1.32285773,2.251346333,0,2.251346333,0.000654666,0.026463578
NIGP01000538,3585,3763,179,0.011887493,1.011887493,0,1.011887493,0.000656195,0.026463578
AaegL5_3,370922996,370923174,179,1.540968887,2.383824536,0,2.383824536,0.000656732,0.026463578
AaegL5_1,162389033,162389213,181,3.353243629,4.243462775,0.582633253,3.660829522,0.000663351,0.0266862
AaegL5_2,148504822,148505088,267,1.705246936,2.57860613,0,2.57860613,0.000667988,0.02682846
AaegL5_2,41658425,41658562,138,0,0.873152811,0,0.873152811,0.000672362,0.026959714
AaegL5_3,288719621,288719793,173,2.097959223,2.917574662,0.009087968,2.908486694,0.000673636,0.026966443
AaegL5_2,446120068,446120360,293,2.436071503,3.154777786,0.93909203,2.215685756,0.000681932,0.027253821
AaegL5_3,79709274,79709514,241,1.591217913,2.434046697,0,2.434046697,0.00069256,0.027597089
AaegL5_3,382402607,382402745,139,1.28128687,2.194207912,0,2.194207912,0.000692786,0.027597089
AaegL5_3,210427089,210428048,960,2.801971876,0.873152811,3.598865221,-2.72571241,0.000697116,0.027724309
AaegL5_3,135892736,135893052,317,4.110466981,2.495366245,4.853385401,-2.358019155,0.000700884,0.027769567
AaegL5_2,31966180,31966362,183,1.33514019,2.251346333,0,2.251346333,0.000703865,0.027769567
AaegL5_2,273152777,273152932,156,1.33514019,2.251346333,0,2.251346333,0.000703865,0.027769567
AaegL5_2,210018193,210018356,164,1.476412116,2.373174599,0,2.373174599,0.00070395,0.027769567
AaegL5_3,273994250,273994431,182,1.476412116,2.373174599,0,2.373174599,0.00070395,0.027769567
AaegL5_2,164465838,164466118,281,1.389816025,2.251346333,0,2.251346333,0.000706064,0.027799407
AaegL5_1,27539401,27539586,186,1.514788727,2.414357775,0,2.414357775,0.000708127,0.027799407
AaegL5_3,15068836,15068994,159,1.514788727,2.414357775,0,2.414357775,0.000708127,0.027799407
AaegL5_3,75136140,75136340,201,1.403263214,2.288144882,0,2.288144882,0.00070997,0.027826932
AaegL5_1,15086176,15086313,138,1.971002783,2.827378642,0,2.827378642,0.000715612,0.027964136
AaegL5_1,166311177,166311457,281,1.344092048,2.194207912,0,2.194207912,0.000716911,0.027964136
AaegL5_3,340354742,340354880,139,1.344092048,2.194207912,0,2.194207912,0.000716911,0.027964136
AaegL5_2,308629418,308629691,274,2.046652965,2.959588546,0,2.959588546,0.000722524,0.028138046
AaegL5_2,362284382,362284525,144,1.56072127,2.463545927,0,2.463545927,0.000724455,0.028158918
AaegL5_2,179461161,179461361,201,1.559013857,2.403931673,0,2.403931673,0.00072537,0.028158918
NIGP01001816,8556,9431,876,3.245015998,3.922317139,1.92616685,1.996150288,0.000727033,0.028178604
AaegL5_2,381333295,381333446,152,1.395691787,2.251346333,0,2.251346333,0.000731379,0.02830205
AaegL5_1,266025425,266025860,436,1.031897115,1.988574117,0,1.988574117,0.000743312,0.028718219
AaegL5_1,105472324,105472660,337,2.282357947,3.03122873,0.636349706,2.394879024,0.000745658,0.028727579
AaegL5_3,305147596,305147940,345,2.387061761,3.170364884,0.545053144,2.62531174,0.000745911,0.028727579
AaegL5_3,120163396,120163670,275,1.57706185,2.352631092,0,2.352631092,0.000749506,0.028781738
AaegL5_3,395615324,395615469,146,2.318748924,3.125934634,0.319932857,2.806001777,0.000750708,0.028781738
AaegL5_1,275665879,275666199,321,1.044346849,0,2.044346849,-2.044346849,0.000750964,0.028781738
AaegL5_2,50845364,50845501,138,1.381144274,2.306307716,0,2.306307716,0.000754345,0.028781738
AaegL5_2,327043336,327043488,153,1.381144274,2.306307716,0,2.306307716,0.000754345,0.028781738
AaegL5_3,177246736,177248524,1789,4.700521986,3.92986632,5.200150008,-1.270283688,0.000755093,0.028781738
AaegL5_2,67857281,67857418,138,1.121373811,2.080693192,0,2.080693192,0.000758355,0.028781738
AaegL5_3,229324450,229324639,190,1.121373811,2.080693192,0,2.080693192,0.000758355,0.028781738
AaegL5_2,141748763,141748917,155,1.565941808,2.463545927,0,2.463545927,0.000760304,0.028781738
AaegL5_3,148185177,148185317,141,1.565941808,2.463545927,0,2.463545927,0.000760304,0.028781738
AaegL5_3,219612912,219613047,136,1.565941808,2.463545927,0,2.463545927,0.000760304,0.028781738
AaegL5_2,326183050,326183288,239,1.925316928,2.741936012,0,2.741936012,0.000762236,0.028810149
AaegL5_1,1653129,1653472,344,0.966641255,0,1.966641255,-1.966641255,0.000763525,0.028814201
AaegL5_1,290198958,290199149,192,1.360714745,2.28478233,0,2.28478233,0.000770117,0.028973268
AaegL5_3,161826827,161827034,208,1.360714745,2.28478233,0,2.28478233,0.000770117,0.028973268
AaegL5_1,109520193,109520329,137,1.18141017,2.142410316,0,2.142410316,0.000777073,0.029145012
AaegL5_3,342356871,342357010,140,1.18141017,2.142410316,0,2.142410316,0.000777073,0.029145012
AaegL5_1,194640366,194641690,1325,4.461432425,3.568259897,5.008952541,-1.440692645,0.000780405,0.029225022
NIGP01000034,22863,23140,278,1.963157682,2.78930082,0,2.78930082,0.000783759,0.02930563
AaegL5_1,211443464,211443663,200,1.573573729,2.414357775,0,2.414357775,0.000788718,0.029445877
AaegL5_1,224320054,224320239,186,1.170130617,0,2.170130617,-2.170130617,0.000794036,0.02956051
AaegL5_2,187749067,187749371,305,2.317032124,3.093003441,0.519455992,2.573547449,0.000794214,0.02956051
AaegL5_1,241757487,241757784,298,2.25801061,2.984939322,0.722211087,2.262728235,0.000812722,0.030188674
AaegL5_1,31123575,31123737,163,1.61770005,2.463545927,0,2.463545927,0.000814915,0.030188674
AaegL5_2,40069799,40069959,161,2.341445626,3.239667982,0,3.239667982,0.000817933,0.030188674
AaegL5_2,332742752,332742892,141,1.343826507,2.273372585,0,2.273372585,0.000817992,0.030188674
AaegL5_1,9634840,9634984,145,1.188196944,2.142410316,0,2.142410316,0.000820626,0.030188674
AaegL5_1,169319201,169319392,192,1.188196944,2.142410316,0,2.142410316,0.000820626,0.030188674
AaegL5_2,140617942,140618124,183,1.188196944,2.142410316,0,2.142410316,0.000820626,0.030188674
AaegL5_2,184709690,184709870,181,1.179208423,2.051278625,0,2.051278625,0.000820997,0.030188674
AaegL5_3,199382541,199383083,543,2.200561903,3.111881754,0,3.111881754,0.000823562,0.03023739
AaegL5_3,193713386,193713996,611,3.316323506,3.910492334,2.288346695,1.622145639,0.000828447,0.030298532
AaegL5_1,143339196,143339381,186,1.375208841,2.306307716,0,2.306307716,0.000829167,0.030298532
AaegL5_3,231345126,231345393,268,1.375208841,2.306307716,0,2.306307716,0.000829167,0.030298532
AaegL5_2,187278818,187279910,1093,4.389029571,3.499171593,4.935326717,-1.436155123,0.000830199,0.030298532
AaegL5_1,278598058,278598460,403,2.476652393,3.170364884,1.090409081,2.079955803,0.000832552,0.030339006
AaegL5_2,383122514,383122678,165,1.354694487,2.28478233,0,2.28478233,0.000838096,0.030495428
AaegL5_1,155923781,155923967,187,1.79333514,2.763398803,0,2.763398803,0.000842417,0.03056145
AaegL5_2,355704072,355704250,179,1.79333514,2.763398803,0,2.763398803,0.000842417,0.03056145
AaegL5_2,296755377,296757442,2066,4.473202581,3.825271011,4.918723082,-1.09345207,0.000848135,0.030723144
AaegL5_1,159505779,159505951,173,2.293141222,3.076078982,0.45338492,2.622694062,0.000861523,0.031161836
AaegL5_1,233239722,233240051,330,0.929405814,0,1.929405814,-1.929405814,0.000869334,0.031397767
AaegL5_2,418380069,418380231,163,2.044140121,2.852166665,0.039429989,2.812736676,0.000874134,0.031524412
AaegL5_2,64507489,64507749,261,1.79082562,2.739481712,0,2.739481712,0.000883774,0.031778048
AaegL5_3,366442849,366443024,176,1.79082562,2.739481712,0,2.739481712,0.000883774,0.031778048
AaegL5_2,174808033,174808197,165,1.622105428,2.593473802,0,2.593473802,0.000890474,0.031971804
AaegL5_3,122971936,122972081,146,1.409840407,2.273372585,0,2.273372585,0.000893288,0.032025691
AaegL5_3,197312473,197312789,317,1.744541901,2.563583642,0,2.563583642,0.000901133,0.032259494
AaegL5_2,387544604,387545801,1198,4.139255982,3.371976588,4.637481956,-1.265505368,0.00090799,0.032457323
AaegL5_2,141071117,141071336,220,2.048902284,2.784389533,0.471308874,2.313080659,0.000912453,0.032569109
AaegL5_2,25099942,25100226,285,2.03291861,2.814745984,0.19998239,2.614763594,0.000917165,0.032689437
AaegL5_3,14841633,14841772,140,1.420224048,2.28478233,0,2.28478233,0.000921113,0.032782211
AaegL5_2,186298852,186299029,178,1.818691542,2.625242374,0,2.625242374,0.000933871,0.033187812
AaegL5_2,81368876,81369067,192,1.41563534,2.273372585,0,2.273372585,0.00094001,0.033308884
AaegL5_3,1748743,1748928,186,1.41563534,2.273372585,0,2.273372585,0.00094001,0.033308884
AaegL5_2,192204167,192204978,812,3.521951043,2.370777583,4.153978308,-1.783200726,0.000951639,0.033671984
AaegL5_1,286203971,286207202,3232,5.394540186,4.984744606,5.713313963,-0.728569357,0.000953597,0.033692368
AaegL5_2,10333486,10333831,346,2.159285323,3.008724922,0,3.008724922,0.000958435,0.03377716
AaegL5_3,250504428,250506173,1746,5.072585336,4.303282262,5.571652231,-1.268369969,0.000958768,0.03377716
AaegL5_2,199785113,199785334,222,1.801650068,2.715161427,0,2.715161427,0.000963171,0.033883334
AaegL5_2,324133790,324134084,295,0.806271219,0,1.806271219,-1.806271219,0.000966301,0.033918706
AaegL5_2,129314681,129314824,144,1.947622074,2.849893046,0,2.849893046,0.000966959,0.033918706
AaegL5_3,265728176,265730360,2185,5.090732934,4.400327733,5.555735931,-1.155408198,0.000975623,0.034173434
AaegL5_2,147747186,147747497,312,2.363844504,3.08263091,0.866492803,2.216138107,0.000985831,0.034481465
AaegL5_2,18460420,18461389,970,1.697343997,0,2.591715788,-2.591715788,0.000989313,0.034553686
AaegL5_2,20592075,20592421,347,2.797225597,3.518826526,1.286723755,2.232102772,0.00099657,0.034757356
AaegL5_3,95449407,95449645,239,1.208076437,2.169800381,0,2.169800381,0.000998181,0.034763777
NIGP01000247,5715,6567,853,3.415961679,4.28367961,0.903249035,3.380430574,0.001000003,0.034777562
AaegL5_2,77944969,77945654,686,3.347657764,2.244210077,3.965517635,-1.721307557,0.001007607,0.034992099
AaegL5_2,321374933,321375562,630,2.041404453,0,2.9588438,-2.9588438,0.001017139,0.035272876
AaegL5_2,57112548,57112879,332,2.033300376,2.809920703,0.231854816,2.578065887,0.001028609,0.035619967
AaegL5_2,388946479,388946842,364,1.662814979,2.451203383,0,2.451203383,0.00103632,0.035836083
AaegL5_2,310349606,310351640,2035,4.850158757,4.235686397,5.279727875,-1.044041478,0.001042489,0.035945485
AaegL5_2,378388128,378388306,179,2.190442853,2.982222884,0.294998776,2.687224108,0.00104349,0.035945485
AaegL5_2,43152700,43152899,200,1.405923036,2.338507725,0,2.338507725,0.001043907,0.035945485
AaegL5_1,278628666,278629420,755,2.717642259,0.873152811,3.501347049,-2.628194238,0.001050196,0.036111042
AaegL5_3,136766722,136767164,443,2.782508138,3.425763163,1.592008034,1.833755129,0.00105269,0.036145805
AaegL5_2,222716880,222717846,967,2.037529851,2.829687993,0.139648087,2.690039905,0.001056005,0.036207786
AaegL5_3,287708489,287710339,1851,4.256243782,3.479902045,4.75822257,-1.278320525,0.001057465,0.036207786
AaegL5_3,76389381,76389576,196,2.515614209,3.286464586,0.748151059,2.538313527,0.00106341,0.036360272
AaegL5_1,246645016,246646841,1826,4.733186987,4.037921025,5.200366855,-1.16244583,0.001073888,0.036667116
AaegL5_2,285346909,285347063,155,1.314043851,2.228978576,0,2.228978576,0.001081153,0.036863551
AaegL5_1,286242739,286246638,3900,6.327231527,5.80282251,6.711011729,-0.908189219,0.001084786,0.036916511
AaegL5_3,326460312,326460691,380,1.366820413,0,2.366820413,-2.366820413,0.001085735,0.036916511
AaegL5_3,254211245,254213148,1904,5.642956241,4.953661559,6.107460403,-1.153798844,0.001098997,0.037315374
AaegL5_3,100190126,100190419,294,0.86769889,0,1.86769889,-1.86769889,0.001107329,0.037545994
AaegL5_2,48751270,48753993,2724,5.813024785,5.444275225,6.106450062,-0.662174837,0.001109635,0.037571943
AaegL5_2,82654413,82654582,170,1.635318937,2.476502017,0,2.476502017,0.00111297,0.037632571
AaegL5_2,204340533,204341904,1372,4.64459772,3.766400252,5.186561753,-1.4201615,0.00112463,0.037974171
AaegL5_1,206835654,206836017,364,1.718391109,0,2.614349221,-2.614349221,0.001129662,0.038091332
AaegL5_3,102290098,102290261,164,1.592887657,2.492454044,0,2.492454044,0.00113156,0.038102619
AaegL5_3,383356413,383356579,167,1.66051668,2.511112173,0,2.511112173,0.001138342,0.038278119
AaegL5_2,21467079,21467306,228,1.629839132,2.482579211,0,2.482579211,0.001145299,0.038459007
AaegL5_1,242102632,242103429,798,3.780605358,2.755811371,4.373738726,-1.617927355,0.001151401,0.038610752
AaegL5_3,30568555,30569033,479,3.080323898,3.869744831,1.19998239,2.669762441,0.001154127,0.038626425
AaegL5_3,383819878,383820220,343,2.450500473,3.188144632,0.862140351,2.326004281,0.001155038,0.038626425
AaegL5_2,10773679,10775025,1347,4.221565355,3.568259897,4.669597396,-1.1013375,0.001157084,0.038641834
AaegL5_2,405291013,405291655,643,2.180232702,3.086626249,0,3.086626249,0.001163895,0.038816128
AaegL5_3,370800626,370800963,338,2.203582784,2.927044077,0.684308362,2.242735715,0.001173242,0.039074409
AaegL5_2,292927409,292927675,267,0.969353314,0,1.969353314,-1.969353314,0.001179415,0.039226394
NIGP01001771,184127,184329,203,1.573347241,2.482579211,0,2.482579211,0.001188818,0.039485287
AaegL5_2,35783182,35783469,288,0.904424795,0,1.904424795,-1.904424795,0.001190782,0.039496716
NIGP01002005,31916,32285,370,2.558382047,3.340128521,0.72594126,2.614187261,0.001192583,0.039502699
AaegL5_2,176122925,176124056,1132,4.354988668,3.667262392,4.81878737,-1.151524978,0.001196244,0.039570178
AaegL5_1,280189444,280189995,552,2.428738663,3.301214155,0,3.301214155,0.001211385,0.040016753
AaegL5_2,222619271,222619538,268,1.642593436,2.427761134,0,2.427761134,0.001221506,0.040296477
NIGP01000637,44481,46944,2464,3.847059569,4.611504555,2.116253783,2.495250772,0.001235512,0.040703443
AaegL5_3,315161029,315161187,159,2.47344972,3.262401494,0.596090015,2.666311479,0.001247951,0.040952591
AaegL5_3,325405025,325405170,146,1.75431654,2.551389669,0,2.551389669,0.001248016,0.040952591
AaegL5_2,163570838,163571025,188,1.932093998,2.85755414,0,2.85755414,0.001248114,0.040952591
AaegL5_2,420722996,420723218,223,1.603580917,2.453470531,0,2.453470531,0.001250223,0.040966656
AaegL5_2,69318327,69319334,1008,3.951238374,2.93925566,4.540173097,-1.600917436,0.001263351,0.041341252
AaegL5_3,177978217,177978362,146,1.672792394,2.523649881,0,2.523649881,0.001266785,0.041373771
AaegL5_3,85323975,85324299,325,1.110149895,0,2.110149895,-2.110149895,0.001267739,0.041373771
AaegL5_2,44043854,44044201,348,1.027796989,0,2.027796989,-2.027796989,0.001274027,0.041496416
AaegL5_1,294663952,294664099,148,1.749736043,2.551389669,0,2.551389669,0.001274901,0.041496416
AaegL5_2,57098151,57098480,330,1.697831253,2.551389669,0,2.551389669,0.001278052,0.041543519
AaegL5_1,38929346,38929567,222,0.737088898,0,1.737088898,-1.737088898,0.001284233,0.041647947
AaegL5_3,341180834,341181186,353,7.094048479,7.881814905,5.224190782,2.657624123,0.001284682,0.041647947
AaegL5_2,120516294,120516827,534,0.813315139,0,1.813315139,-1.813315139,0.001288415,0.041713516
AaegL5_3,339003768,339006236,2469,8.284132565,6.846613806,8.989710892,-2.143097086,0.001290867,0.041737471
NIGP01000637,1695,11642,9948,6.672305313,7.448726729,4.872046955,2.576679775,0.001293276,0.04175996
AaegL5_1,11976795,11976934,140,1.803581469,2.690424123,0,2.690424123,0.001302049,0.041987621
AaegL5_3,1036889,1037030,142,2.88253837,3.69169424,0.869868389,2.821825851,0.001305223,0.042034388
AaegL5_1,302262698,302263360,663,1.677224594,0,2.570056532,-2.570056532,0.001309769,0.042125156
AaegL5_2,5962411,5964379,1969,5.338149409,4.642179538,5.805643639,-1.1634641,0.001314319,0.042215772
AaegL5_1,46795404,46795590,187,1.798759256,2.613560645,0,2.613560645,0.001325928,0.042532628
AaegL5_2,206474851,206475031,181,1.941912188,2.835159908,0,2.835159908,0.00132812,0.042546953
AaegL5_3,395896152,395896821,670,3.313760029,2.23247358,3.924831146,-1.692357566,0.001329872,0.042547191
AaegL5_3,67046670,67048269,1600,3.803535172,3.039982954,4.300207974,-1.26022502,0.001332044,0.042560807
AaegL5_3,193536432,193537919,1488,5.001094396,4.340773872,5.45238443,-1.111610558,0.001337988,0.042694782
AaegL5_3,313598754,313599546,793,1.823420011,2.733633839,0,2.733633839,0.001341596,0.042753946
AaegL5_2,169020389,169020611,223,1.636593374,2.520794273,0,2.520794273,0.001346971,0.042813301
AaegL5_3,119909973,119910186,214,1.636593374,2.520794273,0,2.520794273,0.001346971,0.042813301
AaegL5_1,252060477,252060653,177,1.631464795,2.539091751,0,2.539091751,0.001359672,0.043104624
AaegL5_3,65968435,65968584,150,1.631464795,2.539091751,0,2.539091751,0.001359672,0.043104624
AaegL5_3,136923261,136924288,1028,2.390280799,0.740079997,3.139947372,-2.399867375,0.001374455,0.04351668
AaegL5_2,322795471,322795705,235,1.712697984,2.447269208,0.139648087,2.30762112,0.001377058,0.043542541
AaegL5_3,89484747,89485445,699,3.679846461,2.671216074,4.267674323,-1.596458249,0.001380898,0.043607412
AaegL5_1,23471733,23472872,1140,5.000453245,4.112281232,5.546126843,-1.433845611,0.001388309,0.043726358
AaegL5_2,14048698,14049180,483,3.352524837,2.097563923,4.013357716,-1.915793793,0.001389696,0.043726358
AaegL5_3,311492261,311492638,378,2.113946216,3.052905421,0,3.052905421,0.001392122,0.043726358
AaegL5_2,255555596,255555775,180,1.63627879,2.513986992,0,2.513986992,0.001393535,0.043726358
AaegL5_2,232036659,232038321,1663,4.882637429,4.40774629,5.239320931,-0.831574642,0.001393633,0.043726358
AaegL5_1,176645616,176646055,440,2.747942048,1.444258179,3.421416618,-1.977158439,0.001410941,0.044169737
AaegL5_1,131865483,131866059,577,3.016835648,3.621160492,1.957138853,1.664021639,0.001411388,0.044169737
AaegL5_2,371741146,371743420,2275,4.710583669,3.891808765,5.229699643,-1.337890878,0.001414174,0.04420019
AaegL5_2,55760274,55765450,5177,6.289049514,5.921817152,6.581515213,-0.659698061,0.001420315,0.04428575
AaegL5_1,21251117,21251491,375,2.139305863,2.927044077,0.26962617,2.657417908,0.001420545,0.04428575
AaegL5_1,325613,326870,1258,3.917643465,3.016083337,4.468241243,-1.452157906,0.001425711,0.044339377
AaegL5_3,215065875,215066017,143,1.44168797,2.370004713,0,2.370004713,0.00142954,0.044339377
NIGP01000760,57182,57356,175,1.44168797,2.370004713,0,2.370004713,0.00142954,0.044339377
NIGP01002231,184269,184548,280,1.44168797,2.370004713,0,2.370004713,0.00142954,0.044339377
AaegL5_3,363979001,363979227,227,1.957335508,2.827378642,0,2.827378642,0.001453299,0.044870537
AaegL5_2,135454122,135454357,236,2.213083712,3.035368779,0.104008718,2.931360061,0.001453569,0.044870537
AaegL5_1,201861686,201861821,136,1.488731934,2.352631092,0,2.352631092,0.001454027,0.044870537
AaegL5_2,197588500,197588725,226,1.488731934,2.352631092,0,2.352631092,0.001454027,0.044870537
AaegL5_1,190849007,190849218,212,1.365363236,2.209808969,0,2.209808969,0.001468812,0.04526948
AaegL5_2,105541881,105542751,871,3.573940351,4.146920627,2.609301245,1.537619382,0.001473572,0.04535885
AaegL5_3,176935912,176936178,267,2.096014291,2.786768675,0.722211087,2.064557588,0.001488532,0.045761556
AaegL5_3,345033655,345033824,170,1.473528165,2.266344718,0,2.266344718,0.001496289,0.045898211
AaegL5_1,68256384,68257507,1124,4.167327031,2.977927249,4.810273228,-1.832345979,0.001496742,0.045898211
AaegL5_2,404566919,404567584,666,2.181610862,3.050183151,0,3.050183151,0.001503672,0.046052797
AaegL5_3,334706271,334706435,165,1.459748383,2.320748261,0,2.320748261,0.001514772,0.046308371
AaegL5_2,92247722,92250360,2639,4.908322125,4.378104924,5.295187715,-0.917082791,0.001515816,0.046308371
AaegL5_1,105438028,105438233,206,1.517144658,2.383824536,0,2.383824536,0.001525978,0.046502285
AaegL5_1,224692857,224693047,191,1.517144658,2.383824536,0,2.383824536,0.001525978,0.046502285
AaegL5_1,208660971,208661200,230,1.769894271,2.56930557,0,2.56930557,0.001535206,0.046708366
AaegL5_2,446734236,446734390,155,1.710491357,2.495366245,0,2.495366245,0.001537355,0.046708366
AaegL5_1,212337493,212337713,221,1.588817272,2.482579211,0,2.482579211,0.001539383,0.046708366
AaegL5_2,47708260,47708532,273,1.424684986,2.209808969,0,2.209808969,0.001543333,0.046708366
AaegL5_1,15867134,15868645,1512,4.203131594,3.502166016,4.672850531,-1.170684515,0.001544002,0.046708366
AaegL5_3,220502699,220502878,180,0.753657731,0,1.753657731,-1.753657731,0.001544237,0.046708366
NIGP01001717,39232,39469,238,1.499685424,2.352631092,0,2.352631092,0.001546553,0.046720465
AaegL5_1,23273472,23273735,264,1.998772219,2.78930082,0.111362356,2.677938463,0.001550251,0.046774206
AaegL5_3,50796392,50797665,1274,4.371181808,3.738471156,4.809513556,-1.0710424,0.001552746,0.046791586
AaegL5_1,96077538,96078429,892,3.908249835,4.449805531,3.03114457,1.418660961,0.00156613,0.047136661
AaegL5_3,198952824,198953884,1061,2.354681669,3.197906282,0.075008375,3.122897907,0.001569757,0.047187545
AaegL5_2,334940,335084,145,1.816364507,2.622581115,0,2.622581115,0.001577576,0.047364189
AaegL5_2,19218406,19218646,241,2.07701039,2.837456846,0.3685443,2.468912546,0.001585922,0.04749777
AaegL5_2,418342611,418342795,185,2.07701039,2.837456846,0.3685443,2.468912546,0.001585922,0.04749777
AaegL5_2,211682790,211682931,142,1.501687242,2.306307716,0,2.306307716,0.00159297,0.047619309
AaegL5_3,287102517,287102859,343,2.378964348,3.191858558,0.339582137,2.852276421,0.001593886,0.047619309
AaegL5_3,226528877,226529158,282,1.568215733,2.434046697,0,2.434046697,0.001599245,0.047692013
AaegL5_1,272240856,272241362,507,2.751121865,1.195080906,3.48223292,-2.287152014,0.001600232,0.047692013
AaegL5_2,262928600,262929437,838,2.636346433,1.383824536,3.296532217,-1.912707681,0.001606832,0.047830236
AaegL5_2,218037624,218037901,278,2.069678502,2.837456846,0.319932857,2.517523989,0.001621257,0.048200769
AaegL5_3,88769019,88769225,207,1.454374298,2.244210077,0,2.244210077,0.001626671,0.048302802
AaegL5_3,185208207,185209132,926,4.105206748,3.452337402,4.553035479,-1.100698077,0.001638701,0.048507033
AaegL5_2,132722418,132724899,2482,5.434372605,4.897810346,5.824587135,-0.926776788,0.001639337,0.048507033
AaegL5_1,267494358,267494580,223,1.811977128,2.622581115,0,2.622581115,0.001639517,0.048507033
AaegL5_2,170236508,170239751,3244,5.719681864,5.261403077,6.066945992,-0.805542916,0.001643745,0.048554604
AaegL5_2,250160800,250161834,1035,3.15836943,1.761410248,3.85460486,-2.093194612,0.001645109,0.048554604
AaegL5_2,376602990,376603290,301,2.354860409,3.050796443,0.95917803,2.091618413,0.00166447,0.048635937
AaegL5_1,282518671,282520781,2111,4.804605739,4.30307983,5.176042731,-0.872962901,0.001665489,0.048635937
AaegL5_2,17421745,17421939,195,1.857350279,2.75764727,0,2.75764727,0.001666048,0.048635937
AaegL5_2,182522677,182522898,222,1.857350279,2.75764727,0,2.75764727,0.001666048,0.048635937
AaegL5_2,19232785,19232956,172,3.045197283,3.790486839,1.417878958,2.37260788,0.001667361,0.048635937
AaegL5_1,132631350,132631505,156,1.21648691,2.178436303,0,2.178436303,0.001669809,0.048635937
AaegL5_2,72123626,72123768,143,1.21648691,2.178436303,0,2.178436303,0.001669809,0.048635937
AaegL5_2,153858038,153858195,158,1.21648691,2.178436303,0,2.178436303,0.001669809,0.048635937
AaegL5_2,328139794,328139936,143,1.21648691,2.178436303,0,2.178436303,0.001669809,0.048635937
AaegL5_2,445508556,445509024,469,1.21648691,2.178436303,0,2.178436303,0.001669809,0.048635937
AaegL5_3,7557113,7557559,447,1.21648691,2.178436303,0,2.178436303,0.001669809,0.048635937
AaegL5_1,176745465,176745787,323,2.290513759,2.936451743,1.090409081,1.846042662,0.001681064,0.048905308
AaegL5_2,449120455,449121774,1320,4.455060091,3.611531785,4.983852423,-1.372320638,0.001695015,0.049252397
AaegL5_2,36621603,36624631,3029,5.362601641,4.89650239,5.71432123,-0.81781884,0.001700047,0.04933983
AaegL5_2,257495251,257495904,654,2.787185415,3.470038516,1.445972493,2.024066023,0.001714437,0.049698278
AaegL5_3,337988808,337990430,1623,5.011073461,4.241496182,5.510254172,-1.26875799,0.0017172,0.049714802
AaegL5_1,35374541,35375377,837,2.563467006,1.011887493,3.293662297,-2.281774804,0.001719085,0.049714802
AaegL5_1,262800294,262800463,170,1.43599695,2.370004713,0,2.370004713,0.001723639,0.049787432
AaegL5_3,63778283,63779133,851,3.598575861,4.198740792,2.551983093,1.646757699,0.001732552,0.04998565
AaegL5_3,170946912,170947194,283,2.101515646,2.952451861,0,2.952451861,0.001738918,0.05006573
AaegL5_1,210060598,210062577,1980,5.366418091,4.818197879,5.762727478,-0.944529599,0.001739689,0.05006573
AaegL5_3,379148013,379148193,181,2.257581559,3.002461975,0.632380217,2.370081758,0.001741488,0.05006573
AaegL5_2,159728429,159729797,1369,4.454318739,3.708653621,4.943457934,-1.234804313,0.00174362,0.050067978
AaegL5_3,390993923,390994731,809,3.216743626,2.051278625,3.852896725,-1.8016181,0.001753566,0.050294344
AaegL5_3,154685817,154686103,287,1.284056305,2.158578495,0,2.158578495,0.001761495,0.050365201
AaegL5_2,390986384,390986525,142,1.842388332,2.590573162,0.19998239,2.390590772,0.00176192,0.050365201
AaegL5_2,24224898,24225045,148,0.672870854,1.617067028,0,1.617067028,0.001762235,0.050365201
AaegL5_2,468262768,468262904,137,1.684202061,2.482579211,0,2.482579211,0.001765334,0.050387461
AaegL5_3,291415416,291415611,196,0.621453324,1.563583642,0,1.563583642,0.001768345,0.050387461
AaegL5_2,55812685,55815897,3213,5.493192446,5.147127413,5.772096678,-0.624969264,0.001769214,0.050387461
AaegL5_2,183089969,183090165,197,1.22162327,2.097563923,0,2.097563923,0.001789264,0.05070989
AaegL5_3,311580028,311580216,189,0.682516211,1.617067028,0,1.617067028,0.001790283,0.05070989
AaegL5_1,274165205,274165346,142,0.801161509,1.750190681,0,1.750190681,0.001793059,0.05070989
AaegL5_2,365676746,365676907,162,0.801161509,1.750190681,0,1.750190681,0.001793059,0.05070989
AaegL5_2,386043684,386043843,160,0.801161509,1.750190681,0,1.750190681,0.001793059,0.05070989
AaegL5_3,398012974,398013130,157,0.801161509,1.750190681,0,1.750190681,0.001793059,0.05070989
AaegL5_2,291072424,291072571,148,0.631447431,1.563583642,0,1.563583642,0.001795921,0.05070989
AaegL5_3,137667120,137667371,252,2.352671635,3.052774707,0.93909203,2.113682676,0.001797176,0.05070989
AaegL5_3,325296515,325299270,2756,4.618487611,4.01925568,5.040607246,-1.021351567,0.001815218,0.050975855
AaegL5_3,38805459,38805614,156,3.22797351,4.077115537,0.895698218,3.18141732,0.001818775,0.050975855
AaegL5_2,137464154,137464581,428,1.658261133,0,2.474638378,-2.474638378,0.001824894,0.050975855
AaegL5_2,446117302,446117460,159,1.223111039,2.178436303,0,2.178436303,0.001825452,0.050975855
AaegL5_2,198950430,198950569,140,1.752172707,2.596189247,0,2.596189247,0.001826951,0.050975855
AaegL5_3,269290659,269290804,146,0.809988695,1.750190681,0,1.750190681,0.001827757,0.050975855
AaegL5_3,148769530,148770020,491,1.701146442,0,2.595806669,-2.595806669,0.001831014,0.050975855
AaegL5_2,25278404,25278645,242,1.346743616,2.158578495,0,2.158578495,0.00183935,0.050975855
AaegL5_2,446705606,446705779,174,0.715068847,1.651112765,0,1.651112765,0.001839583,0.050975855
NIGP01001650,58408,58674,267,2.102731118,2.959588546,0,2.959588546,0.00184211,0.050975855
AaegL5_3,211619920,211620074,155,2.807958823,3.626658985,0.72594126,2.900717726,0.00184352,0.050975855
AaegL5_2,145976569,145977018,450,1.59799329,2.492454044,0,2.492454044,0.001846201,0.050975855
AaegL5_2,172953109,172954157,1049,3.783155937,2.960102191,4.303961118,-1.343858928,0.001848678,0.050975855
AaegL5_3,261604248,261604390,143,1.579318329,2.320748261,0,2.320748261,0.001848824,0.050975855
AaegL5_1,154655291,154655443,153,0.875738065,1.827378642,0,1.827378642,0.001854983,0.050975855
AaegL5_3,37986508,37986664,157,0.875738065,1.827378642,0,1.827378642,0.001854983,0.050975855
AaegL5_1,255088113,255089193,1081,3.184895838,2.114239647,3.792661801,-1.678422154,0.001855708,0.050975855
AaegL5_1,42186351,42186581,231,0.83117072,1.781267536,0,1.781267536,0.001862346,0.050975855
AaegL5_2,156994277,156994427,151,0.83117072,1.781267536,0,1.781267536,0.001862346,0.050975855
AaegL5_3,366124692,366125087,396,0.83117072,1.781267536,0,1.781267536,0.001862346,0.050975855
NIGP01002089,268471,268638,168,0.83117072,1.781267536,0,1.781267536,0.001862346,0.050975855
AaegL5_3,178392637,178394077,1441,4.357548958,3.746367061,4.785519603,-1.039152542,0.001865724,0.050975855
AaegL5_2,243271093,243271396,304,2.379767663,3.011391962,1.229980307,1.781411654,0.001869413,0.050975855
AaegL5_3,50820759,50821334,576,1.310544233,2.194207912,0,2.194207912,0.00187061,0.050975855
AaegL5_1,65313550,65314485,936,3.531233809,4.359199034,1.378076835,2.981122198,0.001875006,0.050975855
AaegL5_2,239799735,239799927,193,2.096270043,2.952451861,0,2.952451861,0.001875331,0.050975855
AaegL5_2,240809870,240810026,157,1.363335964,2.251346333,0,2.251346333,0.001875769,0.050975855
AaegL5_2,420035167,420035305,139,2.354030455,3.107366378,0.684308362,2.423058016,0.001876517,0.050975855
AaegL5_2,347710080,347710348,269,1.818294657,2.763398803,0,2.763398803,0.001879515,0.050975855
AaegL5_3,166885530,166885666,137,1.308513288,2.122046829,0,2.122046829,0.001880646,0.050975855
AaegL5_2,65916881,65919568,2688,5.807968477,5.39721883,6.12731773,-0.730098899,0.001883717,0.050975855
AaegL5_3,83934383,83934594,212,0.722518756,1.668638358,0,1.668638358,0.001890556,0.050975855
AaegL5_2,170937803,170937944,142,0.884121833,1.827378642,0,1.827378642,0.001899527,0.050975855
AaegL5_2,172682911,172683048,138,0.884121833,1.827378642,0,1.827378642,0.001899527,0.050975855
AaegL5_2,332782195,332782367,173,0.884121833,1.827378642,0,1.827378642,0.001899527,0.050975855
AaegL5_2,467594349,467594625,277,0.884121833,1.827378642,0,1.827378642,0.001899527,0.050975855
AaegL5_3,104760132,104760295,164,0.884121833,1.827378642,0,1.827378642,0.001899527,0.050975855
AaegL5_3,283857541,283857770,230,0.884121833,1.827378642,0,1.827378642,0.001899527,0.050975855
NIGP01000475,289637,289775,139,0.884121833,1.827378642,0,1.827378642,0.001899527,0.050975855
AaegL5_1,235902507,235902652,146,0.990465254,1.891539516,0,1.891539516,0.001902634,0.050975855
AaegL5_2,436382131,436382296,166,0.990465254,1.891539516,0,1.891539516,0.001902634,0.050975855
AaegL5_2,259768366,259770967,2602,4.519705202,3.843966674,4.978074946,-1.134108271,0.001902919,0.050975855
AaegL5_1,177063255,177065342,2088,3.421585278,2.48934279,3.983235823,-1.493893033,0.001903215,0.050975855
AaegL5_2,69487263,69487405,143,0.839816733,1.781267536,0,1.781267536,0.001905835,0.050975855
AaegL5_3,311110926,311111088,163,0.839816733,1.781267536,0,1.781267536,0.001905835,0.050975855
NIGP01000599,6275,6758,484,0.839816733,1.781267536,0,1.781267536,0.001905835,0.050975855
AaegL5_1,130860798,130860937,140,0.586691831,1.527381448,0,1.527381448,0.001909119,0.050975855
AaegL5_1,137739625,137739786,162,0.586691831,1.527381448,0,1.527381448,0.001909119,0.050975855
AaegL5_3,67198434,67198685,252,1.566517172,2.373174599,0,2.373174599,0.001911755,0.050975855
AaegL5_3,227394545,227394934,390,1.293329781,2.097563923,0,2.097563923,0.001913858,0.050975855
AaegL5_1,16357729,16358524,796,3.764808874,4.225964347,3.082937225,1.143027122,0.001914329,0.050975855
AaegL5_1,255308789,255308954,166,0.475253998,1.411073263,0,1.411073263,0.001917423,0.050975855
AaegL5_3,18939067,18939271,205,0.475253998,1.411073263,0,1.411073263,0.001917423,0.050975855
AaegL5_1,272360411,272360600,190,1.602599054,2.414357775,0,2.414357775,0.001922393,0.051052309
AaegL5_2,454805728,454805900,173,1.305592446,2.182055762,0,2.182055762,0.00192967,0.051136859
AaegL5_3,281480037,281480281,245,1.464199119,2.331790821,0,2.331790821,0.001929772,0.051136859
AaegL5_2,389050737,389051225,489,2.717605109,3.378509394,1.462374732,1.916134662,0.00193189,0.051137397
AaegL5_1,118998163,118998319,157,1.398250277,2.217116998,0,2.217116998,0.001936911,0.051181284
AaegL5_1,222128955,222129114,160,1.369320344,2.251346333,0,2.251346333,0.001937747,0.051181284
AaegL5_2,373123400,373123535,136,0.596928806,1.527381448,0,1.527381448,0.001945741,0.051193231
AaegL5_3,245001322,245001603,282,0.596928806,1.527381448,0,1.527381448,0.001945741,0.051193231
AaegL5_2,458249954,458250107,154,1.094294742,2.002461975,0,2.002461975,0.001949488,0.051193231
AaegL5_3,144069011,144069184,174,1.094294742,2.002461975,0,2.002461975,0.001949488,0.051193231
AaegL5_1,295441339,295442129,791,3.45479187,2.345979774,4.074274691,-1.728294918,0.001949669,0.051193231
AaegL5_3,160537033,160537551,519,2.670421867,3.482579211,0.636349706,2.846229504,0.001950798,0.051193231
AaegL5_2,467684532,467684716,185,1.056076245,1.961695821,0,1.961695821,0.001953577,0.051211035
AaegL5_1,23474711,23475501,791,3.841814931,3.002960582,4.368797794,-1.365837212,0.00195686,0.051241993
AaegL5_2,397280093,397280269,177,1.030437571,1.934307244,0,1.934307244,0.001960534,0.051276458
AaegL5_2,203101024,203101178,155,0.896345184,1.750190681,0,1.750190681,0.001962383,0.051276458
AaegL5_3,341181579,341181828,250,6.085846746,6.769174451,4.742701861,2.02647259,0.001968972,0.051392925
AaegL5_2,68476357,68476508,152,0.921727645,1.817796443,0,1.817796443,0.001973608,0.051392925
AaegL5_3,66568018,66568153,136,0.921727645,1.817796443,0,1.817796443,0.001973608,0.051392925
AaegL5_2,415060752,415060947,196,1.626476455,2.539091751,0,2.539091751,0.001975273,0.051392925
AaegL5_2,63752555,63752708,154,1.200165407,2.059433084,0,2.059433084,0.001988518,0.051499003
AaegL5_2,362825890,362826061,172,1.886433419,2.701502085,0,2.701502085,0.001988817,0.051499003
AaegL5_2,197606977,197610224,3248,6.140079631,5.680843896,6.48789099,-0.807047094,0.001991137,0.051499003
AaegL5_2,235333503,235333803,301,2.026376538,2.812412572,0.167389891,2.645022681,0.001992543,0.051499003
NIGP01000637,12587,21458,8872,7.555778909,8.313447895,5.862593619,2.450854275,0.001993102,0.051499003
AaegL5_3,275550726,275550935,210,1.08705039,2.002461975,0,2.002461975,0.001993357,0.051499003
AaegL5_2,119274061,119275454,1394,1.048636915,1.961695821,0,1.961695821,0.001996857,0.051499003
AaegL5_2,368228916,368229095,180,1.048636915,1.961695821,0,1.961695821,0.001996857,0.051499003
AaegL5_3,335093605,335093759,155,1.914915854,2.676527409,0.19998239,2.476545019,0.001998362,0.051499003
AaegL5_2,22583325,22583638,314,1.022864501,1.934307244,0,1.934307244,0.002002644,0.051500491
AaegL5_2,472079058,472079216,159,1.022864501,1.934307244,0,1.934307244,0.002002644,0.051500491
AaegL5_2,48681309,48681460,152,1.839050104,2.648498845,0,2.648498845,0.002007507,0.051571137
AaegL5_1,242042605,242042809,205,0.662476069,0,1.662476069,-1.662476069,0.002011089,0.051608767
AaegL5_2,239145403,239145574,172,0.870163585,1.771373057,0,1.771373057,0.002015776,0.051674664
AaegL5_2,206933490,206933640,151,1.498011799,2.370004713,0,2.370004713,0.002026793,0.051902498
AaegL5_1,58344934,58345140,207,1.367370533,2.182055762,0,2.182055762,0.002030464,0.051941956
AaegL5_2,351376509,351376737,229,1.557772231,2.434046697,0,2.434046697,0.002034049,0.051979119
AaegL5_3,155674192,155674489,298,2.521764121,3.188144632,1.245676571,1.942468061,0.002037269,0.052006895
AaegL5_3,210350420,210352383,1964,4.759387463,4.213467611,5.154500135,-0.941032524,0.002044897,0.052039594
AaegL5_3,322677683,322678130,448,2.612124548,3.286464586,1.30502813,1.981436455,0.002049879,0.052039594
AaegL5_1,156089203,156089442,240,2.29511201,3.127812569,0.104008718,3.023803851,0.002053815,0.052039594
AaegL5_3,262222152,262222313,162,1.223859622,2.051278625,0,2.051278625,0.00205494,0.052039594
AaegL5_2,142378334,142378489,156,0.846650983,1.79728962,0,1.79728962,0.002060201,0.052039594
AaegL5_2,259221298,259221460,163,0.846650983,1.79728962,0,1.79728962,0.002060201,0.052039594
AaegL5_3,268845608,268845783,176,0.846650983,1.79728962,0,1.79728962,0.002060201,0.052039594
AaegL5_1,274218337,274218476,140,1.44735663,2.370004713,0,2.370004713,0.002060917,0.052039594
AaegL5_1,261274457,261275938,1482,3.220444392,2.174567485,3.820380633,-1.645813148,0.002062378,0.052039594
AaegL5_3,40397850,40398170,321,1.851743058,2.667839009,0,2.667839009,0.00206506,0.052039594
AaegL5_3,199452738,199454395,1658,4.887573475,4.188583033,5.356414168,-1.167831135,0.002075846,0.052039594
AaegL5_2,233131020,233131437,418,1.569975933,0,2.454196923,-2.454196923,0.002076632,0.052039594
AaegL5_3,15184017,15184162,146,1.357326658,2.251346333,0,2.251346333,0.00207772,0.052039594
AaegL5_2,142173555,142173746,192,0.655396913,1.598899591,0,1.598899591,0.002077854,0.052039594
AaegL5_3,226117047,226117304,258,0.924456941,1.781267536,0,1.781267536,0.002079077,0.052039594
AaegL5_2,6233307,6234431,1125,4.207067735,3.441041114,4.704772293,-1.263731179,0.002088454,0.052039594
AaegL5_2,87854548,87856906,2359,5.364988476,4.737200907,5.800971046,-1.063770139,0.002088616,0.052039594
AaegL5_3,64071995,64072168,174,1.649177372,2.403931673,0,2.403931673,0.002095598,0.052039594
AaegL5_3,312008363,312008523,161,1.1015029,2.002461975,0,2.002461975,0.002096283,0.052039594
AaegL5_2,94821072,94821228,157,1.06347741,1.961695821,0,1.961695821,0.002097316,0.052039594
AaegL5_3,95383295,95383438,144,1.06347741,1.961695821,0,1.961695821,0.002097316,0.052039594
AaegL5_2,389052206,389053042,837,3.409654672,4.133199663,1.889984046,2.243215616,0.002105287,0.052039594
AaegL5_3,158550066,158550239,174,1.612503744,2.482579211,0,2.482579211,0.002105377,0.052039594
AaegL5_2,37355785,37355935,151,0.927106767,1.872061487,0,1.872061487,0.002111312,0.052039594
AaegL5_3,165123812,165123979,168,0.927106767,1.872061487,0,1.872061487,0.002111312,0.052039594
AaegL5_3,221982708,221982894,187,0.927106767,1.872061487,0,1.872061487,0.002111312,0.052039594
AaegL5_2,36628869,36629063,195,1.131526866,2.042107787,0,2.042107787,0.002114307,0.052039594
AaegL5_2,449103102,449103252,151,1.131526866,2.042107787,0,2.042107787,0.002114307,0.052039594
AaegL5_3,136894485,136894911,427,2.765851706,1.277809959,3.482626575,-2.204816616,0.002114401,0.052039594
AaegL5_3,281291779,281293423,1645,5.11348676,4.65232864,5.462395708,-0.810067068,0.002115257,0.052039594
AaegL5_3,133955,135924,1970,4.511151758,3.944733533,4.91682696,-0.972093427,0.002115564,0.052039594
AaegL5_1,129527915,129528068,154,1.129227394,1.961695821,0,1.961695821,0.002119389,0.052039594
AaegL5_2,193340110,193340263,154,1.129227394,1.961695821,0,1.961695821,0.002119389,0.052039594
AaegL5_2,448796641,448796803,163,1.104867073,1.934307244,0,1.934307244,0.002119716,0.052039594
AaegL5_2,67575363,67575499,137,1.165579953,2.002461975,0,2.002461975,0.002119835,0.052039594
AaegL5_3,97293590,97293837,248,2.209435923,2.982222884,0.430671266,2.551551618,0.002120794,0.052039594
AaegL5_3,387235571,387236658,1088,1.016817684,1.91974416,0,1.91974416,0.002121037,0.052039594
AaegL5_2,304760029,304760185,157,0.7941078,1.733633839,0,1.733633839,0.002121408,0.052039594
AaegL5_2,418075796,418075959,164,0.855204992,1.79728962,0,1.79728962,0.0021218,0.052039594
AaegL5_2,117259763,117262193,2431,4.979797583,4.368259598,5.407941473,-1.039681875,0.002129655,0.05217975
AaegL5_1,241753988,241755088,1101,3.4136554,2.517743603,3.962183327,-1.444439723,0.002134527,0.052246608
AaegL5_1,299626549,299626753,205,1.15544484,2.067541711,0,2.067541711,0.00214405,0.052427083
AaegL5_2,170638250,170638763,514,2.333821772,3.08263091,0.688137701,2.394493209,0.002146351,0.052430765
AaegL5_3,342315828,342315996,169,0.963622498,1.862772459,0,1.862772459,0.002152257,0.052522399
